Specimen_Collection_Date,Specimen_Collection_Location,Specimen_Collection_Location_Country,Specimen_Collection_Location_Longitude,Gene_Symbol,Specimen_Collection_Location_Latitude
"",,,,aac(1),
"",,,,aac(2'),
"",,,,aac(2'),
"",,,,aac(2'),
"",,,,aac(2'),
"",,,,aac(2'),
"",,,,aac(2'),
"",,,,aac(3),
"",,,,aac(3),
"",,,,aac(3),
"",,,,aac(3),
"",,,,aac(3),
"",,,,aac(3),
"",,,,aac(3),
"",,,,aac(3),
"",,,,aac(3),
"",,,,aac(3),
"",,,,aac(3)-ib/aac(6'),
"",,,,aac(3),
2014," MD",United States of America,-76.9382069,aac(3),39.5162234
"",,,,aac(3),
"",,,,aac(3),
"",,,,aac(3),
"",,,,aac(3),
"",,,,aac(6'),
"",,Greece,,aac(6'),
"",,,,aac(6')-30/aac(6'),
09-Jan-2014," DC",United States of America,-77.0333239145,aac(6'),38.9298584
"",,,,aac(6'),
"",,,,aac(6'),
2007,Massachesetts,United States of America,,aac(6'),
"",,,,aac(6'),
2008,UnknownXXX,Ireland,-7.9794599,aac(6'),52.865196
"",,,,aac(6'),
"",,China,,aac(6'),
"",,,,aac(6'),
"",,,,aac(6'),
"",,,,aac(6'),
"",,,,aac(6'),
"",,,,aac(6'),
"",,,,aac(6'),
"",,,,aac(6'),
"",,,,aac(6'),
"",,,,aac(6'),
"",,,,aac(6'),
"",,China,,aac(6')-ib,
"",,,,aac(6')-ib,
2012,UnknownXXX,China,104.999927,aac(6')-ib,35.000074
"",,,,aac(6')-ib,
"",,,,aac(6'),
"",,,,aac(6'),
"",,,,aac(6'),
"",,,,aac(6'),
"",,,,aac(6'),
2014," Coquimbo",Chile,-71.347,aac(6'),-29.95
"",,,,aac(6'),
2007,,,,aac(6')-ie_aph(2''),
"",,,,aac(6'),
"",,,,aac(6'),
"",,,,aac(6'),
"",,,,aac(6'),
21-Jul-1999," Buffalo, NY",United States of America,-78.8784,aac(6'),42.8864
2013," Guangzhou",China,113.26,aac(6'),23.13
"",,,,aac(6'),
"",,,,aac(6'),
"",,,,aac(6'),
"",,,,aac(6'),
"",,,,aac(6'),
"",,,,aac(6'),
"",,,,aac(6'),
"",,,,aac(6'),
"",,,,aac(6'),
"",,,,aac(6'),
"",,,,aac(6'),
"",,,,aac(6'),
"",,,,aac(6'),
2006," Medellin",Colombia,-75.5735,aac(6'),6.2443
24-Aug-1995," Buffalo, NY",United States of America,-78.8784,ant(2''),42.8864
not determined,,,,ant(3''),
1993/1994,N. Rhine Westphalia,Denmark,,ant(3''),
1996,Pribram,Czech Republic,,ant(3''),
"",,,,ant(3'')-ii-aac(6'),
"",,,,ant(4'),
"",,,,ant(4'),
"",,,,ant(4'),
1999,UnknownXXX,Peru,-75.0458515,ant(4'),-6.8699697
"",,,,ant(6),
"",,,,ant(6),
"",,,,ant(9),
1985," WA",United States of America,-120.2126139,aph(2''),47.2868352
2011," Shandong",China,118.9999999,aph(2''),36.0000001
"",,,,aph(2''),
"",,,,aph(2''),
"",,,,aph(2''),
"",,,,aph(3''),
2001,UnknownXXX,Ireland,-7.9794599,aph(3''),52.865196
"",,,,aph(3''),
"",,,,aph(3'),
2006/2012,UnknownXXX,Netherlands,5.53460738162,aph(3'),52.2379891
"",,,,aph(3'),
"",,,,aph(3'),
"",,,,aph(3'),
1991,"Bendigo, Victoria",Australia,,aph(3'),
"",,,,aph(3'),
"",,,,aph(3'),
"",,,,aph(3'),
"",Northern,Israel,,aph(3'),
"",,,,aph(3'),
"",,,,aph(3'),
"",,,,aph(3'),
"",,,,aph(3'),
"",,,,aph(3'),
"",,,,aph(4),
"",,,,aph(4),
"",,,,aph(6),
"",,,,aph(6),
1986,UnknownXXX,Japan,139.2394179,aph(6),36.5748441
"",,,,aph(7''),
"",,,,aph(9),
2002,UnknownXXX,Costa Rica,-84.0739102,aph,10.2735633
"",,,,aac(6'),
"",,,,aac(3),
"",Frankfurt,Germany,,aac(3),
"",,,,aac(3),
"",,,,aac(3),
"",,,,aac(3),
"",UnknownXXX,Australia,134.755,aac(3),-24.7761086
"",,,,aac(6),
"",,,,aac(6),
"",,,,aacA29b,
"",,,,aacA43,
"",,,,acrE,
"",,,,aph(3'),
2007," Sao Paulo",Brazil,-46.37,aph(3'),-23.33
"",,,,aph,
2004," Singapore General Hospital",Singapore,103.836280497,aph7,1.27944885
"",,,,aphA15,
"",,,,aphA6,
"",,,,axyZ,
"",,,,mphB,
"",,,,mphB,
07-Mar-2015," Fujian",China,117.842778,bahA,26.5450001
"",,,,bla1,
"",,,,bla2,
"",,,,crp,
"",,,,cpxR,
01-Nov-2010,UnknownXXX,United States of America,-100.4458825,cpxR,39.7837304
"",,,,ddl,
"",,,,tuf,
"",,,,tuf,
"",,,,tuf,
2006/2012,UnknownXXX,Netherlands,5.53460738162,tuf,52.2379891
"",,,,tuf,
"",,,,ereB,
"",,,,ermE,
"",,,,glpT,
"",,,,lpeA,
"",,,,lpeB,
1982,Nottingham,United Kingdom,,lpxA,
1982,Nottingham,United Kingdom,,lpxC,
"",,,,mcr,
2014,Pisa,Italy,,mcr,
"",,,,mcr,
22-Aug-2010," Tokachi area, Obihiro",Japan,142.69,mcr,43.41
2003,FL,United States of America,-81.4639835,mrx,27.7567667
"",,,,omp38,
"",,,,oprA,
"",,,,oprJ,
"",,,,oprN,
"",UnknownXXX,Ireland,-7.9794599,oprZ,52.865196
"",,,,porB,
"",,,,phoP,
"",,,,pmpM,
"",,,,pmrE,
"",,,,pmrF,
"",,,,qepA,
"",,,,qepA2,
"",,,,qnr,
"",,,,qnrA1,
"",,,,qnrA2,
"",,,,qnrA3,
"",,,,qnrA4,
"",,,,qnrA5,
"",,,,qnrA6,
"",UnknownXXX,United States of America,-100.4458825,qnrA7,39.7837304
"",,,,qnrB1,
2013,Hubei,China,112.0,qnrB10,31.0
"",,France,,qnrB11,
"",,,,qnrB12,
"",,Korea (South),,qnrB13,
"",,Korea (South),,qnrB14,
20-Nov-2014,UnknownXXX,Colombia,-73.9397,qnrB15,4.6013
"",,,,qnrB16,
"",,,,qnrB17,
"",,,,qnrB18,
"",,,,qnrB19,
"",,,,qnrB2,
"",,,,qnrB20,
"",,,,qnrB21,
"",,Korea (South),,qnrB22,
"",,Korea (South),,qnrB23,
"",,,,qnrB24,
"",,,,qnrB25,
"",,,,qnrB26,
"",,,,qnrB27,
"",,,,qnrB28,
"",,,,qnrB29,
"",,,,qnrB3,
"",,,,qnrB30,
"",,,,qnrB31,
"",,,,qnrB32,
"",,,,qnrB33,
"",,,,qnrB34,
"",,,,qnrB35,
"",,,,qnrB36,
"",,,,qnrB37,
"",,,,qnrB38,
"",,,,qnrB4,
"",,,,qnrB40,
"",,,,qnrB41,
"",,,,qnrB42,
"",,,,qnrB43,
"",,,,qnrB44,
"",,,,qnrB45,
"",,,,qnrB46,
"",,,,qnrB47,
"",,,,qnrB48,
"",,,,qnrB49,
"",,,,qnrB5,
"",,,,qnrB50,
"",,,,qnrB54,
"",,,,qnrB55,
"",,,,qnrB56,
"",,,,qnrB57,
"",,,,qnrB58,
"",,,,qnrB59,
"",,,,qnrB6,
"",,,,qnrB60,
"",,,,qnrB61,
"",,,,qnrB62,
"",,,,qnrB64,
"",,,,qnrB65,
"",,,,qnrB66,
"",,,,qnrB67,
"",,,,qnrB68,
"",,,,qnrB69,
"",,,,qnrB7,
"",,,,qnrB70,
"",,,,qnrB71,
"",,,,qnrB72,
"",,,,qnrB73,
"",,,,qnrB74,
"",,,,qnrB8,
"",,,,qnrB9,
2006,,China,,qnrC,
2007," Cleveland",United States of America,-81.6934446,qnrD1,41.5051613
"",,,,qnrD2,
"",,,,qnrS1,
"",,,,qnrS2,
""," KL",Malaysia,101.6943028,qnrS3,3.1516636
"",,,,qnrS4,
29-Oct-1992," Vancouver",Canada,-123.12,qnrS5,49.24
"",,,,qnrS6,
"",,,,qnrS7,
"",,,,qnrS8,
"",,,,qnrS9,
2007-01-23,UnknownXXX,United Kingdom,-3.2765753,qnrVC1,54.7023545
"",,,,qnrVC3,
2006/2012,UnknownXXX,Netherlands,5.53460738162,qnrVC4,52.2379891
"",,,,qnrVC5,
"",,,,qnrVC6,
"",,,,qnrVC7,
"",,,,rif,
2007-01-22,UnknownXXX,United Kingdom,-3.2765753,rlmA,54.7023545
"",,,,sat,
"",,,,sat,
2008," Singapore General Hospital",Singapore,103.836280497,sat,1.27944885
2006/2012,UnknownXXX,Netherlands,5.53460738162,sat,52.2379891
"",,,,uhpT,
"",,,,vanS,
"",,,,aad(6),
"",,,,aad9,
2012,UnknownXXX,China,104.999927,aadA,35.000074
2012,UnknownXXX,China,104.999927,aadA1,35.000074
"",,,,aadA10,
"",,,,aadA11,
"",,,,aadA12,
"",,,,aadA13,
"",,,,aadA14,
"",,,,aadA15,
2007-12-11,UnknownXXX,United Kingdom,-3.2765753,aadA16,54.7023545
"",,Portugal,,aadA17,
31-Jan-1990," Alberta",Canada,-115.002136,aadA2,55.001251
"",,,,aadA21,
2012,UnknownXXX,China,104.999927,aadA22,35.000074
01-Jul-2009,UnknownXXX,United States of America,-78.9,aadA23,36
"",,,,aadA24,
"",,,,aadA25,
2015,UnknownXXX,Thailand,100.83273,aadA3,14.8971921
"",,,,aadA4,
"",,,,aadA5,
18-Aug-1997," Buffalo, NY",United States of America,-78.8784,aadA6,42.8864
"",,,,aadA6/aadA10,
26-Oct-2006," CA",United States of America,-118.7559974,aadA7,36.7014631
"",,,,aadA8,
"",,,,aadA8b,
"",,,,aadA9,
"",,,,aadC,
2004,England,United Kingdom,-0.540240286617,aadD,52.7954791
2014,UnknownXXX,United Kingdom,-3.2765753,aadE,54.7023545
"",,,,aadK,
"",,,,abeM,
"",,,,abeS,
"",,,,acrA,
"",,,,acrA,
"",,,,acrB,
"",,,,acrD,
1999,UnknownXXX,Peru,-75.0458515,acrF,-6.8699697
"",,,,acrR,
"",,,,acrR,
"",,,,acrS,
2006-06-06," New York state",United States of America,-75.8449946,adeA,43.1561681
"",,,,adeB,
2/13/2012,Daegu,Korea (South),,adeC,
2008-02-04,UnknownXXX,United Kingdom,-3.2765753,adeF,54.7023545
"",,,,adeG,
"",,,,adeH,
"",,,,adeI,
2012-04-04,UnknownXXX,United Kingdom,-3.2765753,adeJ,54.7023545
29-Oct-2015," FL",United States of America,-81.4639835,adeK,27.7567667
"",,,,adeL,
2011-11-30,UnknownXXX,United Kingdom,-3.2765753,adeN,54.7023545
2011-11-16,UnknownXXX,United Kingdom,-3.2765753,adeR,54.7023545
"",,,,adeS,
"",,,,amrA,
"",,,,amrB,
"",,,,aph(3'),
2010,UnknownXXX,United States of America,-100.4458825,aph(6),39.7837304
"",,,,apmA,
"",,,,arlR,
"",,,,armA,
"",,,,arr,
"",,,,arr,
1998,UnknownXXX,Niger,9.3238432,arr,17.7356214
"",,Brazil,,arr,
"",,Brazil,,arr,
"",,,,arr,
"",,,,arr,
2014," GA",United States of America,-83.1137366,axyX,32.3293809
"",,,,axyY,
"",,,,bacA,
"",,,,baeR,
"",,,,baeS,
2007-01-10,UnknownXXX,United Kingdom,-3.2765753,pmrA,54.7023545
"",,,,pmrB,
2015,,Canada,,bcr,
"",,,,bcrA,
"",,,,bcrB,
"",,,,bcrC,
"",,,,blaACC,
"",,,,blaACC,
"",,,,blaACC,
"",,,,blaACC,
"",,,,blaACC,
"",,,,blaACC,
"",,,,blaACC,
"",,,,blaACC,
"",,,,blaACC,
2014,UnknownXXX,United Kingdom,-3.2765753,blaACI1,54.7023545
"",,,,blaACT,
"",,,,blaACT,
"",,,,blaACT,
"",,,,blaACT,
"",,,,blaACT,
"",,,,blaACT,
"",,,,blaACT,
"",,,,blaACT,
"",,,,blaACT,
"",,,,blaACT,
"",,,,blaACT,
"",,,,blaACT,
"",,,,blaACT,
"",,,,blaACT,
"",,,,blaACT,
"",,,,blaACT,
"",,,,blaACT,
"",,,,blaACT,
"",,,,blaACT,
"",,,,blaACT,
"","Wuhu, Xuancheng District Hospital",China,,blaACT,
"",,,,blaACT,
"",,,,blaACT,
"",,,,blaACT,
"",,,,blaACT,
"",,,,blaACT,
"",,,,blaACT,
"",,,,blaACT,
"",,,,blaACT,
"",,,,blaACT,
"",,,,blaACT,
"",,Korea (South),,blaACT,
"",,,,blaACT,
"",,,,blaACT,
"",,,,blaACT,
"",,,,blaACT,
"",,,,blaACT,
"",,,,blaADC,
"",,,,blaADC,
"",,,,blaADC,
"",,,,blaADC,
"",,,,blaADC,
"",,,,blaADC,
"",,,,blaADC,
"",,,,blaADC,
"",,,,blaADC,
01-Jul-2016," Michigan",United States of America,-84.6824346,blaADC,43.6211955
"",,,,blaADC,
"",,,,blaADC,
"",,,,blaADC,
"",,,,blaADC,
"",,,,blaADC,
"",,,,blaADC,
"",,,,blaADC,
"",,,,blaADC,
"",,,,blaADC,
"",,,,blaADC,
"",,,,blaADC,
"",,,,blaADC,
"",,,,blaADC,
"",,,,blaADC,
"",,,,blaADC,
"",,,,blaADC,
"",,,,blaADC,
"",,,,blaADC,
"",,,,blaADC,
"",,,,blaADC,
"",,,,blaADC,
"",,,,blaADC,
"",,,,blaADC,
"",,,,blaADC,
"",,,,blaADC,
"",,,,blaADC,
"",,,,blaADC,
"",,,,blaADC,
"",,,,blaADC,
"",,,,blaADC,
"",,,,blaADC,
"",,,,blaADC,
"",,,,blaADC,
"",,,,blaADC,
"",,,,blaADC,
"",,,,blaADC,
"",,,,blaADC,
"",,,,blaADC,
"",,,,blaADC,
"",,,,blaADC,
"",,,,blaADC,
"",,,,blaADC,
"",,,,blaADC,
"",,,,blaADC,
"",,,,blaAER,
2011," Alberta",Canada,-115.002136,blaAIM,55.001251
"",,,,blaAQU,
Mar-2011,UnknownXXX,Bangladesh,90.2932426,blaAQU,24.4768783
""," WA",United States of America,-120.2126139,blaAQU,47.2868352
"",,,,blaAST,
"",,,,blaAZECL,
"",,,,blaAmpC,
"",,,,blaAmpC,
"",,,,blaAmpH,
"",,,,blaB,
"",,,,blaB,
"",,,,blaB,
2008-01-28,UnknownXXX,United Kingdom,-3.2765753,blaB,54.7023545
"",,,,blaB,
"",,,,blaB,
"",,,,blaB,
"",,,,blaB,
"",,,,blaB,
2008-01-28,UnknownXXX,United Kingdom,-3.2765753,blaB,54.7023545
"",,,,blaB,
"",,,,blaB,
"",,,,blaB,
"",,,,blaBEL,
"",,,,blaBEL,
"",,,,blaBEL,
"",,Brazil,,blaBES,
"",,,,blaBIC,
"",,,,blaBIL,
"",,,,blaBJP,
"",,,,blaBKC,
2004,UnknownXXX,Brazil,-53.2,blaBRO,-10.3333333
2007-10-01," FL",United States of America,-81.4639835,blaBRO,27.7567667
2000,UnknownXXX,Venezuela,-66.1109318,blaBcI,8.0018709
"",,,,blaBcII,
"",,,,blaCARB,
"",,,,blaCARB,
"",,,,blaCARB,
"",,,,blaCARB,
"",,,,blaCARB,
2017," Terengganu",Malaysia,102.8685869,blaCARB,5.2050722
"",,,,blaCARB,
"",,,,blaCARB,
"",,,,blaCARB,
"",,,,blaCARB,
6/17/2012,DE,United States of America,,blaCARB,
27-May-07,LA,United States of America,,blaCARB,
"",,,,blaCARB,
"",,,,blaCARB,
"",,,,blaCARB,
"",,,,blaCARB,
"",,,,blaCARB,
"",,,,blaCARB,
"",,,,blaCARB,
"",,,,blaCARB,
"",,,,blaCARB,
"",,,,blaCARB,
"",,,,blaCARB,
"",,,,blaCARB,
"",UnknownXXX,Germany,10.4234469,blaCARB,51.0834196
"",,,,blaCARB,
"",,,,blaCARB,
"",,,,blaCARB,
"",,,,blaCARB,
"",,,,blaCARB,
"",,,,blaCARB,
2014," TX",United States of America,-99.5120986,blaCARB,31.8160381
"",,,,blaCARB,
"",,,,blaCARB,
"",,,,blaCARB,
2012,UnknownXXX,United States of America,-100.4458825,blaCARB,39.7837304
14-Sep-2010,UnknownXXX,United States of America,-100.4458825,blaCARB,39.7837304
30-Jun-2014," Beijing",China,116,blaCARB,39
"",,,,blaCARB,
"",,,,blaCARB,
"",,,,blaCARB,
"",,,,blaCARB,
2017,UnknownXXX,Germany,10.4234469,blaCAU,51.0834196
"",,,,blaCFE,
2008-01-23,UnknownXXX,United Kingdom,-3.2765753,blaCGA,54.7023545
"",,,,blaCGB,
"",,,,blaCIA,
"",,,,blaCIA,
"",,,,blaCIA,
1995,UnknownXXX,Denmark,10.3333283,blaCIA,55.670249
"",,,,blaCKO,
2008-01-30,UnknownXXX,United Kingdom,-3.2765753,blaCME,54.7023545
"",,,,blaCMG,
"",,,,blaCMH,
"",,,,blaCMY,
"",,,,blaCMY,
"",,,,blaCMY,
"",,,,blaCMY,
"",,,,blaCMY,
"",,,,blaCMY,
"",,,,blaCMY,
"",,,,blaCMY,
"",,,,blaCMY,
"",,,,blaCMY,
"",,,,blaCMY,
"",,,,blaCMY,
"",,,,blaCMY,
"",,,,blaCMY,
"",,,,blaCMY,
"",,,,blaCMY,
"",,,,blaCMY,
"",,,,blaCMY,
"",,,,blaCMY,
"",,,,blaCMY,
"",,,,blaCMY,
"",,,,blaCMY,
"",,,,blaCMY,
"",,,,blaCMY,
"",,,,blaCMY,
"",,,,blaCMY,
"",,,,blaCMY,
"",,,,blaCMY,
"",,,,blaCMY,
"",,,,blaCMY,
"",,,,blaCMY,
"",,,,blaCMY,
"",,,,blaCMY,
"",,,,blaCMY,
"",,,,blaCMY,
"",,,,blaCMY,
"",,,,blaCMY,
"",,,,blaCMY,
"",,,,blaCMY,
1/3/2016,Nice,France,,blaCMY,
"",,,,blaCMY,
"",,,,blaCMY,
"",,,,blaCMY,
"",,,,blaCMY,
"",,,,blaCMY,
"",,,,blaCMY,
"",,,,blaCMY,
"",,,,blaCMY,
"",,,,blaCMY,
"",,,,blaCMY,
"",,,,blaCMY,
"",,,,blaCMY,
"","Sant Pau Hospital, Barcelona",Spain,,blaCMY,
"",,,,blaCMY,
"","Sant Pau Hospital, Barcelona",Spain,,blaCMY,
"",,,,blaCMY,
"",,,,blaCMY,
"",,,,blaCMY,
"",,Switzerland,,blaCMY,
"",,,,blaCMY,
"",,,,blaCMY,
"",,,,blaCMY,
"",,,,blaCMY,
"",,,,blaCMY,
"",,,,blaCMY,
"",,,,blaCMY,
"",,,,blaCMY,
"",,,,blaCMY,
"","Sant Pau Hospital, Barcelona",Spain,,blaCMY,
"",,,,blaCMY,
"",,,,blaCMY,
"",,Korea (South),,blaCMY,
"",,,,blaCMY,
"",,,,blaCMY,
"",,,,blaCMY,
"",,,,blaCMY,
"",,,,blaCMY,
"",,,,blaCMY,
"",,,,blaCMY,
"",,,,blaCMY,
"",,,,blaCMY,
"",,,,blaCMY,
"",,,,blaCMY,
"",,,,blaCMY,
"",,,,blaCMY,
"",,,,blaCMY,
"",,,,blaCMY,
"",,,,blaCMY,
"",,,,blaCMY,
"",,,,blaCMY,
"",,,,blaCMY,
"",,,,blaCMY,
"",,,,blaCMY,
"",,,,blaCMY,
"",,,,blaCMY,
"",,,,blaCMY,
"",,,,blaCMY,
"",,,,blaCMY,
"",,,,blaCMY,
"",,,,blaCMY,
"",,,,blaCMY,
"",,,,blaCMY,
"",,,,blaCMY,
"",,,,blaCMY,
"",,,,blaCMY,
"",,,,blaCMY,
"",,,,blaCMY,
"",,,,blaCMY,
"",,,,blaCMY,
1988-12-21," MI",United States of America,-100.4458825,blaCMY,39.7837304
"",,,,blaCMY,
"",,,,blaCMY,
"",,,,blaCMY,
"",,,,blaCMY,
"",,,,blaCMY,
"",,,,blaCMY,
"",,,,blaCMY,
"",,,,blaCMY,
"",,,,blaCMY,
"",,,,blaCMY,
"",,Viet Nam,,blaCMY,
"",,,,blaCMY,
"",,,,blaCMY,
"",,,,blaCMY,
"",,,,blaCMY,
"",,,,blaCMY,
"",,,,blaCMY,
"",,,,blaCMY,
"",,,,blaCMY,
"",,,,blaCMY,
"",,,,blaCPS,
"",,,,blaCTX-M,
"",,,,blaCTX-M,
"",,,,blaCTX-M,
"",,,,blaCTX-M,
"",,,,blaCTX-M,
"",,,,blaCTX-M,
"",,,,blaCTX-M,
"",,,,blaCTX-M,
"",,,,blaCTX-M,
"",,,,blaCTX-M,
"",,,,blaCTX-M,
"",,,,blaCTX-M,
"",,,,blaCTX-M,
"",,,,blaCTX-M,
"",,,,blaCTX-M,
"",,,,blaCTX-M,
"",,,,blaCTX-M,
"",,,,blaCTX-M,
"",,,,blaCTX-M,
"",,,,blaCTX-M,
"",,,,blaCTX-M,
"",,Kenya,,blaCTX-M,
"",,,,blaCTX-M,
"",,,,blaCTX-M,
"",,,,blaCTX-M,
"",,,,blaCTX-M,
"",,,,blaCTX-M,
"",,,,blaCTX-M,
"",,,,blaCTX-M,
"",,China,,blaCTX-M,
"",,,,blaCTX-M,
"",,,,blaCTX-M,
"",,,,blaCTX-M,
"",,,,blaCTX-M,
"",,,,blaCTX-M,
"",,,,blaCTX-M,
"",,,,blaCTX-M,
"",,China,,blaCTX-M,
"",,,,blaCTX-M,
"",,,,blaCTX-M,
"",,,,blaCTX-M,
"",,,,blaCTX-M,
"",,,,blaCTX-M,
"",,,,blaCTX-M,
"",,,,blaCTX-M,
"",,,,blaCTX-M,
"",,,,blaCTX-M,
"",,,,blaCTX-M,
"",,,,blaCTX-M,
"",,,,blaCTX-M,
"",,,,blaCTX-M,
"",,,,blaCTX-M,
"",,,,blaCTX-M,
"",,,,blaCTX-M,
"",,,,blaCTX-M,
"",,,,blaCTX-M,
"",,,,blaCTX-M,
"",,,,blaCTX-M,
"",,,,blaCTX-M,
"",,,,blaCTX-M,
"",,,,blaCTX-M,
"",,,,blaCTX-M,
"",,,,blaCTX-M,
"",,,,blaCTX-M,
"",,,,blaCTX-M,
"",Zhejiang Province,China,,blaCTX-M,
"",,,,blaCTX-M,
"",,,,blaCTX-M,
"",,,,blaCTX-M,
"",,,,blaCTX-M,
"",,Greece,,blaCTX-M,
"",,,,blaCTX-M,
"",,,,blaCTX-M,
"",,,,blaCTX-M,
"",,,,blaCTX-M,
"",,China,,blaCTX-M,
"",,,,blaCTX-M,
"",,,,blaCTX-M,
"",,,,blaCTX-M,
"",,,,blaCTX-M,
"",Irkutsk,Russian Federation,,blaCTX-M,
"",,,,blaCTX-M,
"",,,,blaCTX-M,
"",,,,blaCTX-M,
"",,,,blaCTX-M,
"",,,,blaCTX-M,
"",,,,blaCTX-M,
"",,,,blaCTX-M,
"",,,,blaCTX-M,
"",,,,blaCTX-M,
"",,,,blaCTX-M,
"",,,,blaCTX-M,
"",,,,blaCTX-M,
"",,,,blaCTX-M,
"",,,,blaCTX-M,
"",,,,blaCTX-M,
"",,,,blaCTX-M,
"",,,,blaCTX-M,
"",,,,blaCTX-M,
"",,,,blaCTX-M,
"",,,,blaCTX-M,
"",,,,blaCTX-M,
"",,,,blaCTX-M,
"",,,,blaCTX-M,
"",,,,blaCTX-M,
"",,,,blaCTX-M,
"",,,,blaCTX-M,
"",,,,blaCTX-M,
"",,,,blaCTX-M,
"",,,,blaCTX-M,
"",,,,blaCTX-M,
"",,,,blaCTX-M,
"",,,,blaCTX-M,
"",,,,blaCTX-M,
"",,,,blaCTX-M,
"",,,,blaCTX-M,
"",,,,blaCTX-M,
"",,,,blaCTX-M,
"",,Brazil,,blaCTX-M,
"",,,,blaCTX-M,
"",,,,blaCTX-M,
"",,,,blaCTX-M,
"",,,,blaCTX-M,
"",,,,blaCTX-M,
"",,,,blaCTX-M,
"",,,,blaCTX-M,
"",,,,blaCTX-M,
"",,Iran,,blaCTX-M,
"",,,,blaCTX-M,
"",,,,blaCTX-M,
"",,China,,blaCTX-M,
"",,,,blaCTX-M,
"",,,,blaCTX-M,
"",,,,blaCTX-M,
"",,,,blaCTX-M,
"",,,,blaCTX-M,
"",,,,blaCTX-M,
"",,,,blaCTX-M,
"",,,,blaCTX-M,
"",,,,blaCTX-M,
2014,UnknownXXX,United Kingdom,-3.2765753,blaCblA,54.7023545
"",,,,blaCepS,
"",,,,blaDES,
"",,,,blaDHA,
"",,,,blaDHA,
"",,,,blaDHA,
"",,,,blaDHA,
"",,,,blaDHA,
"",,,,blaDHA,
"",,,,blaDHA,
"",,,,blaDHA,
"",,,,blaDHA,
"",,,,blaDHA,
"",,,,blaDHA,
"",,,,blaDHA,
"",,,,blaDHA,
"",,,,blaDHA,
2015,,Taiwan,,blaDHA,
12/28/2015,Amiens,France,,blaDHA,
"",,,,blaDHA,
2012,UnknownXXX,Malaysia,112.8471939,blaDHA,2.3923759
"",,,,blaDHA,
"",,,,blaDHA,
"",,,,blaDHA,
"",,,,blaDHA,
"",,,,blaDIM,
"",,,,blaEBR,
"",,,,blaERP,
"",,,,blaESP,
"",,,,blaEXO,
"",,,,blaF,
"",,,,blaFAR,
"",,,,blaFEZ,
"",,,,blaFIM,
"",,,,blaFONA,
"",,,,blaFONA,
"",,,,blaFONA,
"",,,,blaFONA,
"",,,,blaFONA,
"",,,,blaFONA,
"",,,,blaFOX,
"",,,,blaFOX,
"",,,,blaFOX,
15-Oct-15,Barcelona,Spain,,blaFOX,
2007," Bern",Switzerland,7.44722,blaFOX,46.94917
"",,,,blaFOX,
"",,,,blaFOX,
16-Sep-2014," Vinhphuc Province",Viet Nam,,blaFOX,
"",,,,blaFOX,
"",,,,blaFOX,
"",,,,blaFOX,
"",,,,blaFRI,
"",,,,blaFRI,
22-Jul-16,,Germany,,blaFRI,
"",,,,blaGES,
"",,,,blaGES,
"",,,,blaGES,
"",,,,blaGES,
"",,,,blaGES,
"",,,,blaGES,
"",,,,blaGES,
"",,,,blaGES,
"",,,,blaGES,
"",,,,blaGES,
"",,,,blaGES,
"",,,,blaGES,
"",,,,blaGES,
"",,,,blaGES,
"",,,,blaGES,
"",,,,blaGES,
"",,,,blaGES,
"",,,,blaGES,
"",,,,blaGES,
"",,,,blaGES,
"",,,,blaGES,
"",,,,blaGES,
"",,,,blaGES,
"",,,,blaGES,
"",,,,blaGES,
"",,,,blaGES,
"",,,,blaGES,
"",,,,blaGES,
"",,,,blaGES,
"",,,,blaGES,
"",,,,blaGES,
"",,,,blaGIM,
"",,,,blaGIM,
"",,,,blaGOB,
2008-01-29,UnknownXXX,United Kingdom,-3.2765753,blaGOB,54.7023545
"",,,,blaGOB,
"",,,,blaGOB,
"",,,,blaGOB,
"",,,,blaGOB,
"",,,,blaGOB,
2008-01-28,UnknownXXX,United Kingdom,-3.2765753,blaGOB,54.7023545
1990,UnknownXXX,Brazil,-53.2,blaGOB,-10.3333333
"",,,,blaGOB,
"",,,,blaGOB,
"",,,,blaGOB,
"",,,,blaGOB,
"",,,,blaGOB,
"",,,,blaGOB,
"",,,,blaGOB,
"",,,,blaGOB,
"",,,,blaHERA,
"",,,,blaHERA,
"",,,,blaHERA,
"",,,,blaHERA,
"",,,,blaHERA,
"",,,,blaHERA,
"",,,,blaHERA,
"",Northern Germany,Germany,,blaHMB,
"",,,,blaHUG,
"",,,,blaI,
"",,,,blaIMI,
"",,,,blaIMI,
"",,,,blaIMI,
"",,,,blaIMI,
"",,,,blaIMI,
"",,,,blaIMI,
"",,,,blaIMI,
2012,,Norway,,blaIMI,
"",,,,blaIMP,
"",,,,blaIMP,
"",,,,blaIMP,
"",,,,blaIMP,
"",,,,blaIMP,
"",,,,blaIMP,
"",,,,blaIMP,
"",,,,blaIMP,
"",,,,blaIMP,
"",,,,blaIMP,
"",,,,blaIMP,
"",,,,blaIMP,
"",,,,blaIMP,
"",,,,blaIMP,
"",,,,blaIMP,
"",,,,blaIMP,
"",,,,blaIMP,
"",,Korea (South),,blaIMP,
"",,,,blaIMP,
"",,,,blaIMP,
"",,,,blaIMP,
"",,,,blaIMP,
"",,,,blaIMP,
"",,,,blaIMP,
"",,,,blaIMP,
"",,,,blaIMP,
"",,,,blaIMP,
"",,,,blaIMP,
"",,,,blaIMP,
"",,,,blaIMP,
"",,,,blaIMP,
"",,,,blaIMP,
"",,,,blaIMP,
"",,,,blaIMP,
"",,,,blaIMP,
"",,,,blaIMP,
"",,,,blaIMP,
"",,,,blaIMP,
"",,,,blaIMP,
"",,,,blaIMP,
"",,Portugal,,blaIMP,
"",,,,blaIMP,
"",,,,blaIMP,
"",,,,blaIMP,
"",,,,blaIMP,
2013,,Iran,,blaIMP,
"",,,,blaIMP,
"",,,,blaIMP,
"",,,,blaIMP,
"",,,,blaIMP,
"",,,,blaIMP,
"",,,,blaIMP,
"",,,,blaIND,
"",,,,blaIND,
"",,,,blaIND,
"",,,,blaIND,
2007-10-10," GA",United States of America,-83.1137366,blaIND,32.3293809
"",,,,blaIND,
2013,Guangxi,China,109.0,blaIND,24.0
"",,,,blaIND,
"",,,,blaIND,
"",,,,blaIND,
"",,,,blaIND,
"",,,,blaIND,
"",,,,blaIND,
"",,,,blaIND,
2008-01-22,UnknownXXX,United Kingdom,-3.2765753,blaIND,54.7023545
"",,,,blaJOHN,
2009,UnknownXXX,United Kingdom,-3.2765753,blaKHM,54.7023545
"",,,,blaKLUC,
"",,,,blaKLUC,
"",,,,blaKPC,
"",,,,blaKPC,
"",,,,blaKPC,
"",,,,blaKPC,
"",,,,blaKPC,
"",,,,blaKPC,
"",,,,blaKPC,
"",,,,blaKPC,
"",,,,blaKPC,
"",,,,blaKPC,
""," Kiel",Germany,10.1371858,blaKPC,54.3216753
"",,,,blaKPC,
"",,,,blaKPC,
"",,,,blaKPC,
"",,,,blaKPC,
Nov-06,,,,blaKPC,
"",,,,blaKPC,
"",,,,blaKPC,
"",,,,blaKPC,
"",,,,blaKPC,
"",,,,blaKPC,
Oct-2011," Perak",Malaysia,100.9276057,blaL,4.7916539
"",,,,blaLAP,
"",,China,,blaLAP,
"",,,,blaLAT,
"",,,,blaLCR,
"",,,,blaLEN,
"",,,,blaLEN,
"",,,,blaLEN,
"",,,,blaLEN,
"",,,,blaLEN,
"",,,,blaLEN,
"",,,,blaLEN,
"",,,,blaLEN,
"",,,,blaLEN,
"",,,,blaLEN,
"",Barcelona,Spain,,blaLEN,
"",,,,blaLEN,
"",,,,blaLEN,
"",,,,blaLEN,
"",,,,blaLEN,
"",,,,blaLEN,
"",,,,blaLEN,
"",,,,blaLEN,
"",,,,blaLEN,
"",,,,blaLEN,
"",,,,blaLEN,
"",,,,blaLEN,
"",,,,blaLEN,
"",,,,blaLEN,
"",,,,blaLEN,
"",,,,blaLEN,
"",,,,blaLEN,
"",,,,blaLEN,
2014,UnknownXXX,United Kingdom,-3.2765753,blaLRA,54.7023545
"",Alaska,United States of America,,blaLRA,
"",Alaska,United States of America,,blaLRA,
"",Alaska,United States of America,,blaLRA,
"",Alaska,United States of America,,blaLRA,
"",Alaska,United States of America,,blaLRA,
"",Alaska,United States of America,,blaLRA,
"",Alaska,United States of America,,blaLRA,
"",Alaska,United States of America,,blaLRA,
"",Alaska,United States of America,,blaLRA,
"",Alaska,United States of America,,blaLRA,
"",Alaska,United States of America,,blaLRA,
"",Alaska,United States of America,,blaLRA,
21-Dec-2012,UnknownXXX,Canada,-107.9917071,blaLUT,61.0666922
"",,,,blaMAL,
"",,,,blaMIR,
"",,,,blaMIR,
"",,,,blaMIR,
"",,,,blaMIR,
"",,,,blaMIR,
"",,,,blaMIR,
"",,,,blaMIR,
"",,,,blaMIR,
"",,,,blaMIR,
"",,,,blaMIR,
"",,,,blaMIR,
2015,UnknownXXX,Thailand,100.83273,blaMIR,14.8971921
"",,China,,blaMIR,
"",,,,blaMIR,
"",,,,blaMIR,
"",,,,blaMIR,
"",,,,blaMIR,
"",,,,blaMOX,
"",,,,blaMOX,
"",,,,blaMOX,
"",,,,blaMOX,
"",,,,blaMOX,
"",Clinical University Hospital from Zaragoza,Spain,,blaMOX,
"",,,,blaMOX,
"","Zaragoza, University Hospital Lozano Blesa",Spain,,blaMOX,
"","Zaragoza, University Hospital Lozano Blesa",Spain,,blaMOX,
"","Zaragoza, University Hospital Lozano Blesa",Spain,,blaMOX,
"",,,,blaMOX,
"",UnknownXXX,Australia,131.606,blaMOX,-12.8914
"",,,,blaMSI,
"",,,,blaMSI,
"",,,,blaMUS,
"",UnknownXXX,United States of America,-100.4458825,blaMUS,39.7837304
"",,,,blaNDM,
"",,,,blaNDM,
"",,,,blaNDM,
"",,,,blaNDM,
"",,,,blaNDM,
"",,,,blaNDM,
"",,,,blaNDM,
"",,,,blaNDM,
2015,shandong province,China,,blaNDM,
"",,,,blaNDM,
"",,,,blaNDM,
"",,,,blaNDM,
"",,,,blaNDM,
"",,,,blaNDM,
"",,,,blaNDM,
"",,,,blaNDM,
"",,,,blaNDM,
"",,,,blaNMC,
"",,,,blaNPS,
"",,,,blaNmcR,
02-Aug-2008," Ontario",Canada,-86.000977,blaOCH,50.000678
1997,UnknownXXX,Brazil,-53.2,blaOCH,-10.3333333
"",,,,blaOCH,
28-Jan-2008," Ontario",Canada,-86.000977,blaOCH,50.000678
"",,,,blaOCH,
2010,UnknownXXX,United Kingdom,-3.2765753,blaOCH,54.7023545
11-Jan-2011,UnknownXXX,United States of America,-100.4458825,blaOCH,39.7837304
2011," Milano",Italy,9.1904984,blaOCH,45.4667971
"",,,,blaOKP-A,
"",,,,blaOKP-A,
"",,,,blaOKP-A,
"",,,,blaOKP-A,
"",,,,blaOKP-A,
"",,,,blaOKP-A,
2008,,China,,blaOKP-A,
2008,,China,,blaOKP-A,
"",,,,blaOKP-A,
"",,,,blaOKP-A,
"",,,,blaOKP-A,
"",,,,blaOKP-A,
"",,,,blaOKP-A,
"",,,,blaOKP-A,
"",,,,blaOKP-A,
"",,,,blaOKP-A,
"",,,,blaOKP-B,
"",,,,blaOKP-B,
"",,,,blaOKP-B,
"",,,,blaOKP-B,
"",,China,,blaOKP-B,
"",,,,blaOKP-B,
"",,,,blaOKP-B,
"",,,,blaOKP-B,
"",,,,blaOKP-B,
"",,,,blaOKP-B,
"",,,,blaOKP-B,
"",,,,blaOKP-B,
"",,,,blaOKP-B,
"",,,,blaOKP-B,
"",,,,blaOKP-B,
"",,,,blaOKP-B,
"",,,,blaOKP-B,
"",,,,blaOKP-B,
"",,,,blaORN,
"",,,,blaOXA,
1990-11-19," PA",United States of America,-77.7278831,blaOXA,40.9699889
"",,,,blaOXA,
"",,,,blaOXA,
1997,UnknownXXX,Brazil,-53.2,blaOXA,-10.3333333
"",,,,blaOXA,
"",,,,blaOXA,
"",,,,blaOXA,
"",,,,blaOXA,
"",,,,blaOXA,
"",,,,blaOXA,
"",,,,blaOXA,
""," WA",United States of America,-120.2126139,blaOXA,47.2868352
"",,,,blaOXA,
2010,UnknownXXX,Haiti,-72.3570972,blaOXA,19.1399952
"",,,,blaOXA,
"",,,,blaOXA,
"",,,,blaOXA,
"",,,,blaOXA,
"",,,,blaOXA,
"",,,,blaOXA,
"",,,,blaOXA,
"",,,,blaOXA,
"",,,,blaOXA,
"",,,,blaOXA,
"",,,,blaOXA,
"",,,,blaOXA,
11-Sep-2013," North Carolina",United States of America,-79.0392919,blaOXA,35.6729639
"",,,,blaOXA,
"",,,,blaOXA,
"",,,,blaOXA,
"",,,,blaOXA,
"",,,,blaOXA,
"",,,,blaOXA,
"",,,,blaOXA,
"",,,,blaOXA,
"",Agrigento,Italy,,blaOXA,
"",,,,blaOXA,
"",,,,blaOXA,
"",,,,blaOXA,
"",,,,blaOXA,
"",,,,blaOXA,
"",,,,blaOXA,
"",,,,blaOXA,
"",,,,blaOXA,
"",,,,blaOXA,
"",,,,blaOXA,
"",,,,blaOXA,
"",,,,blaOXA,
"",,,,blaOXA,
"",,,,blaOXA,
"",,,,blaOXA,
"",,,,blaOXA,
"",,,,blaOXA,
"",,,,blaOXA,
"",,,,blaOXA,
"",,,,blaOXA,
"",,,,blaOXA,
"",,,,blaOXA,
"",,,,blaOXA,
"",,,,blaOXA,
"",,,,blaOXA,
"",,,,blaOXA,
"",,,,blaOXA,
"",,,,blaOXA,
"",,,,blaOXA,
1980-08-06," CO",United States of America,-105.6077167,blaOXA,38.7251776
"",,,,blaOXA,
"",,,,blaOXA,
"",,,,blaOXA,
"",,,,blaOXA,
"",,,,blaOXA,
Apr-2012,UnknownXXX,United States of America,-83.39,blaOXA,41.22
"",,,,blaOXA,
"",,,,blaOXA,
"",,,,blaOXA,
"",,,,blaOXA,
"",,,,blaOXA,
"",,,,blaOXA,
"",,,,blaOXA,
"",,,,blaOXA,
"",,,,blaOXA,
"",,,,blaOXA,
"",,,,blaOXA,
"",,,,blaOXA,
"",,,,blaOXA,
"",,,,blaOXA,
"",,,,blaOXA,
"",,,,blaOXA,
"",,,,blaOXA,
"",,,,blaOXA,
"",,,,blaOXA,
"",,,,blaOXA,
"",,,,blaOXA,
"",,,,blaOXA,
"",,,,blaOXA,
"",,,,blaOXA,
"",,,,blaOXA,
"",,,,blaOXA,
"",,,,blaOXA,
"",UnknownXXX,,,blaOXA,53
"",,,,blaOXA,
"",,,,blaOXA,
"",,,,blaOXA,
"",,,,blaOXA,
"",,,,blaOXA,
"",,,,blaOXA,
"",,,,blaOXA,
"",,,,blaOXA,
"",,,,blaOXA,
"",,,,blaOXA,
"",,,,blaOXA,
"",,,,blaOXA,
"",,,,blaOXA,
"",Marseille,France,5.3699525,blaOXA,43.2961743
"",,,,blaOXA,
"",,,,blaOXA,
"",,,,blaOXA,
"",,,,blaOXA,
"",,,,blaOXA,
"",,,,blaOXA,
"",,,,blaOXA,
"",,,,blaOXA,
"",,,,blaOXA,
"",,,,blaOXA,
"",,,,blaOXA,
"",,,,blaOXA,
"",,,,blaOXA,
"",,,,blaOXA,
"",,,,blaOXA,
"",,,,blaOXA,
"",,,,blaOXA,
"",,,,blaOXA,
"",,,,blaOXA,
"",,,,blaOXA,
"",,,,blaOXA,
"",,,,blaOXA,
"",,,,blaOXA,
"",,,,blaOXA,
"",,,,blaOXA,
"",,,,blaOXA,
"",,,,blaOXA,
"",,,,blaOXA,
"",,,,blaOXA,
"",,,,blaOXA,
"",,,,blaOXA,
"",,,,blaOXA,
"",,,,blaOXA,
"",,,,blaOXA,
"",,,,blaOXA,
"",,,,blaOXA,
"",,,,blaOXA,
"",,,,blaOXA,
"",,,,blaOXA,
"",,,,blaOXA,
"",,,,blaOXA,
"",,,,blaOXA,
"",,,,blaOXA,
"",,,,blaOXA,
"",,,,blaOXA,
"",,,,blaOXA,
"",,,,blaOXA,
"",,,,blaOXA,
"",,,,blaOXA,
1992,Praha,Czech Republic,,blaOXA,
"",,,,blaOXA,
2000,Praha,Czech Republic,,blaOXA,
1992,Liberec,Czech Republic,,blaOXA,
1992,Praha,Czech Republic,,blaOXA,
1994,Tabor,Czech Republic,,blaOXA,
"",,,,blaOXA,
1993,C. Budejovice,Czech Republic,,blaOXA,
1972,Tel Baruch,Israel,,blaOXA,
"",Rampuse,Czech Republic,,blaOXA,
"",,,,blaOXA,
"",,Czech Republic,,blaOXA,
"",,,,blaOXA,
1995/2002,,United States of America,,blaOXA,
1995/2002,,United States of America,,blaOXA,
1900/1966,,,,blaOXA,
"",,,,blaOXA,
1900/1950,,,,blaOXA,
1998,Sedlcany,Czech Republic,,blaOXA,
1998,Sedlcany,Czech Republic,,blaOXA,
1998,Pribram,Czech Republic,,blaOXA,
"",,,,blaOXA,
1996,Pribram,Czech Republic,,blaOXA,
"",,,,blaOXA,
2008,Rampuse,Czech Republic,,blaOXA,
"",,,,blaOXA,
1997,Pribram,Czech Republic,,blaOXA,
1952,,France,,blaOXA,
1951,,France,,blaOXA,
1964,,Germany,,blaOXA,
1900/1983,,United States of America,,blaOXA,
"",,,,blaOXA,
2007-11-30,UnknownXXX,United Kingdom,-3.2765753,blaOXA,54.7023545
2011,Lisov,Czech Republic,,blaOXA,
1990,,France,,blaOXA,
1993/1994,N. Rhine Westphalia,Denmark,,blaOXA,
"",Leiden,Netherlands,,blaOXA,
2014,UnknownXXX,United Kingdom,-3.2765753,blaOXA,54.7023545
"",UnknownXXX,United States of America,-100.4458825,blaOXA,39.7837304
2008,Pribram,Czech Republic,,blaOXA,
1991,"Bendigo, Victoria",Australia,,blaOXA,
"",,,,blaOXA,
1991,Praha,Czech Republic,,blaOXA,
1960,,,,blaOXA,
"",,Germany,,blaOXA,
2010,Ostrava,Czech Republic,,blaOXA,
1990/1991,,Denmark,,blaOXA,
1990/1991,,Denmark,,blaOXA,
1900/1989,PA,France,,blaOXA,
1991,"Bendigo, Victoria",Australia,,blaOXA,
"",,,,blaOXA,
"",,,,blaOXA,
"",,,,blaOXA,
"",,,,blaOXA,
2013-01-09,UnknownXXX,United States of America,-82.5,blaOXA,40.5
"",,,,blaOXA,
"",,,,blaOXA,
"",,,,blaOXA,
"",,,,blaOXA,
"",,,,blaOXA,
"",,,,blaOXA,
"",,,,blaOXA,
"",,,,blaOXA,
"",,,,blaOXA,
"",,,,blaOXA,
"",,,,blaOXA,
"",,,,blaOXA,
"",,,,blaOXA,
"",,,,blaOXA,
"",,,,blaOXA,
"",,,,blaOXA,
"",,,,blaOXA,
"",,,,blaOXA,
"",,,,blaOXA,
"",,,,blaOXA,
"",,,,blaOXA,
"",,,,blaOXA,
"",,,,blaOXA,
"",,,,blaOXA,
"",,,,blaOXA,
"",,,,blaOXA,
"",,,,blaOXA,
"",,,,blaOXA,
"",,,,blaOXA,
"",,,,blaOXA,
"",,,,blaOXA,
2015,UnknownXXX,United Kingdom,-3.2765753,blaOXA,54.7023545
"",,,,blaOXA,
"",,,,blaOXA,
"",,,,blaOXA,
"",,,,blaOXA,
"",,,,blaOXA,
"",,,,blaOXA,
"",,,,blaOXA,
"",,,,blaOXA,
"",,,,blaOXA,
"",,,,blaOXA,
"",,,,blaOXA,
"",,,,blaOXA,
"",,,,blaOXA,
"",,,,blaOXA,
"",,,,blaOXA,
"",,,,blaOXA,
"",,,,blaOXA,
"",,,,blaOXA,
"",,,,blaOXA,
"",,,,blaOXA,
"",,,,blaOXA,
"",,,,blaOXA,
"",,,,blaOXA,
"",,,,blaOXA,
"",,,,blaOXA,
"",,,,blaOXA,
"",,,,blaOXA,
"",,,,blaOXA,
"",,,,blaOXA,
"",,,,blaOXA,
"",,,,blaOXA,
"",,,,blaOXA,
"",,,,blaOXA,
"",,,,blaOXA,
"",,,,blaOXA,
"",,,,blaOXA,
"",,,,blaOXA,
"",,,,blaOXA,
"",,,,blaOXA,
"",,,,blaOXA,
"",,,,blaOXA,
"",,,,blaOXA,
"",,,,blaOXA,
"",,,,blaOXA,
"",,,,blaOXA,
"",,,,blaOXA,
"",,Spain,,blaOXA,
"",,Thailand,,blaOXA,
"",,,,blaOXA,
"",,,,blaOXA,
"",,,,blaOXA,
"",,,,blaOXA,
"",,,,blaOXA,
"",,,,blaOXA,
"",,,,blaOXA,
"",,,,blaOXA,
"",,,,blaOXA,
"",,,,blaOXA,
"",,,,blaOXA,
30-Jul-11,Chicago,United States of America,,blaOXA,
"",,,,blaOXA,
"",,,,blaOXA,
"",,,,blaOXA,
"",,,,blaOXA,
"",,,,blaOXA,
"",,,,blaOXA,
"",,,,blaOXA,
"",,,,blaOXA,
"",,,,blaOXA,
"",,,,blaOXA,
"",,,,blaOXA,
"",,,,blaOXA,
"",,,,blaOXA,
"",,,,blaOXA,
"",,,,blaOXA,
"",,,,blaOXA,
"",,,,blaOXA,
"",,,,blaOXA,
"",,,,blaOXA,
"",,,,blaOXA,
"",,,,blaOXA,
"",,,,blaOXA,
"",,,,blaOXA,
"",,,,blaOXA,
"",,,,blaOXA,
1997,UnknownXXX,United States of America,-100.4458825,blaOXA,39.7837304
"",,,,blaOXA,
"",,,,blaOXA,
"",,,,blaOXA,
"",,,,blaOXA,
"",,United States of America,,blaOXA,
"",,,,blaOXA,
"",,,,blaOXA,
2012," Helsinki",Finland,24.9425683,blaOXA,60.1674086
2012-07-11," CA",United States of America,-118.7559974,blaOXA,36.7014631
"",,,,blaOXA,
"",,,,blaOXA,
"",,,,blaOXA,
"",,,,blaOXA,
"",,,,blaOXA,
"",,,,blaOXA,
"",,,,blaOXA,
2011," Northern Territory",Australia,132.55,blaOXA,-19.49
"",,,,blaOXA,
"",,,,blaOXA,
"",,,,blaOXA,
"",,,,blaOXA,
31-Jul-2016," St. Charles, Illinois",United States of America,-88.31,blaOXA,41.92
"",,,,blaOXA,
01-Apr-1988," London",United Kingdom,-0.1276474,blaOXA,51.5073219
"",,,,blaOXA,
2006/2012,UnknownXXX,Netherlands,5.53460738162,blaOXA,52.2379891
"",,,,blaOXA,
"",,,,blaOXA,
"",,,,blaOXA,
"",,,,blaOXA,
2015," MidWest, broiler breeder farm 5",United States of America,-94.68,blaOXA,46.72
"",,,,blaOXA,
"",,,,blaOXA,
"",,,,blaOXA,
"",,,,blaOXA,
"",,,,blaOXA,
"",,,,blaOXA,
"",,,,blaOXA,
"",,,,blaOXA,
15-Sep-2013," Selangor",Malaysia,101.304146,blaOXA,3.2083304
"",,,,blaOXA,
"",,,,blaOXA,
"",,,,blaOXA,
"",,,,blaOXA,
1995,,United States of America,,blaOXA,
"",,,,blaOXA,
"",,India,,blaOXA,
2010," Northern Territory",Australia,132.55,blaOXA,-19.49
"",,China,,blaOXA,
12-Aug-09,,Canada,,blaOXA,
2014,UnknownXXX,United Kingdom,-3.2765753,blaOXA,54.7023545
1992,,United States of America,,blaOXA,
8-Jul-14,New Mexico,United States of America,,blaOXA,
"",,,,blaOXA,
"",,,,blaOXA,
"",,South Africa,,blaOXA,
2011,somewhere in NRW,Germany,,blaOXA,
2014,Schwerin,Germany,,blaOXA,
2015,Munich,Germany,,blaOXA,
2011,Berlin,Germany,,blaOXA,
05-Jul-2013," Breda",Netherlands,4.48,blaOXA,51.34
"",,,,blaOXA,
1990,Cologne,Germany,,blaOXA,
"",,,,blaOXA,
"",,,,blaOXA,
"",,,,blaOXA,
"",,,,blaOXA,
"",,,,blaOXA,
"",,,,blaOXA,
"",,,,blaOXA,
29-Nov-13,Aberdeen,United Kingdom,,blaOXA,
"",,,,blaOXA,
"",,,,blaOXA,
"",,,,blaOXA,
"",,,,blaOXA,
"",,,,blaOXA,
"",,,,blaOXA,
"",,,,blaOXA,
"",,,,blaOXA,
15-Sep-2016," Paris",France,2.21,blaOXA,48.51
"",,Germany,,blaOXA,
"",,,,blaOXA,
"",,,,blaOXA,
"",,,,blaOXA,
"",,,,blaOXA,
"",,,,blaOXA,
"",,,,blaOXA,
"",,,,blaOXA,
"",,,,blaOXA,
"",,,,blaOXA,
"",,,,blaOXA,
"",UnknownXXX,Kenya,36.80,blaOXA,-1.27
"",,,,blaOXA,
"",,,,blaOXA,
"",,,,blaOXA,
"",,,,blaOXA,
"",,,,blaOXA,
"",,,,blaOXA,
"",,,,blaOXA,
"",,,,blaOXA,
"",,,,blaOXA,
"",,,,blaOXA,
"",,,,blaOXA,
"",,,,blaOXA,
"",,,,blaOXA,
"",,,,blaOXA,
"",,,,blaOXA,
"",,,,blaOXA,
16-Aug-2013," GA",United States of America,-83.1137366,blaOXA,32.3293809
"",,,,blaOXA,
"",,,,blaOXA,
"",,,,blaOXA,
"",,,,blaOXA,
"",,,,blaOXA,
"",,,,blaOXA,
"",,,,blaOXA,
"",,,,blaOXA,
"",,,,blaOXA,
"",,,,blaOXA,
"",,,,blaOXY-1,
"",,,,blaOXY-1,
"",,,,blaOXY-1,
"",,,,blaOXY-1,
"",,,,blaOXY-1,
"",,,,blaOXY-2,
"",,,,blaOXY-2,
"",,,,blaOXY-2,
"",,,,blaOXY-2,
"",,,,blaOXY-2,
"",,,,blaOXY-2,
"",,,,blaOXY-2,
"",,,,blaOXY-2,
"",,,,blaOXY-2,
"",,,,blaOXY-2,
"",,,,blaOXY-3,
"",,,,blaOXY-4,
"",,,,blaOXY-5,
"",,,,blaOXY-5,
"",,,,blaOXY-6,
"",,,,blaOXY-6,
"",,,,blaOXY-6,
"",,,,blaOXY-6,
"",,,,blaPAM,
"",,,,blaPBP1a,
"",,,,blaPBP2,
"",,,,blaPBP2b,
"",,,,blaPBP2x,
"",,,,blaPDC,
"",,,,blaPDC,
"",,,,blaPDC,
"",,,,blaPDC,
"",,,,blaPDC,
"",,,,blaPDC,
"",,,,blaPDC,
"",,,,blaPDC,
"",,,,blaPDC,
"",,,,blaPDC,
"",,,,blaPDC,
"",,,,blaPDC,
"",,,,blaPDC,
"",,,,blaPDC,
"",,,,blaPDC,
"",,,,blaPDC,
"",,,,blaPDC,
"",,,,blaPDC,
"",,,,blaPDC,
"",,,,blaPDC,
"",,,,blaPDC,
"",,,,blaPDC,
1988,UnknownXXX,,,blaPDC,53.4
"",,,,blaPDC,
"",,,,blaPDC,
"",,,,blaPDC,
"",,,,blaPDC,
"",,,,blaPDC,
"",,,,blaPDC,
"",,,,blaPDC,
"",,,,blaPDC,
"",,,,blaPDC,
"",,,,blaPDC,
"",,,,blaPDC,
"",,,,blaPDC,
"",,,,blaPDC,
"",,,,blaPDC,
"",,,,blaPDC,
"",,,,blaPDC,
"",,,,blaPDC,
"",,,,blaPDC,
"",,,,blaPDC,
"",,,,blaPDC,
"",,,,blaPDC,
"",,,,blaPDC,
"",,,,blaPDC,
"",,,,blaPDC,
"",,,,blaPDC,
"",,,,blaPDC,
"",,,,blaPDC,
"",,,,blaPDC,
"",,,,blaPDC,
"",,,,blaPDC,
"",,,,blaPDC,
"",,,,blaPDC,
"",,,,blaPDC,
"",,,,blaPDC,
"",,,,blaPDC,
"",,,,blaPDC,
"",,,,blaPDC,
"",,,,blaPDC,
"",,,,blaPDC,
"",,,,blaPDC,
"",,,,blaPDC,
"",,,,blaPDC,
"",,,,blaPDC,
"",,,,blaPDC,
"",,,,blaPDC,
"",,,,blaPDC,
"",,,,blaPDC,
"",,,,blaPDC,
"",,,,blaPDC,
"",,,,blaPEDO,
2013,UnknownXXX,India,78.6677428,blaPEDO,22.3511148
2006,UnknownXXX,Ireland,-7.9794599,blaPEDO,52.865196
2013,UnknownXXX,United States of America,-100.4458825,blaPER,39.7837304
"",,,,blaPER,
2005,UnknownXXX,Singapore,103.8520359,blaPER,1.2904753
"",,Bulgaria,,blaPER,
1-Mar-07,,,,blaPER,
"",,,,blaPER,
"",,,,blaPER,
"",,,,blaPER,
"",,,,blaPER,
"",,,,blaPLA,
"",,,,blaPLA,
"",,,,blaPME,
"",,,,blaPOM,
"",,,,blaR1,
"",,,,blaR39,
"",,,,blaRAHN,
18-Nov-2013," Breda",Netherlands,4.48,blaRAHN,51.34
"",UnknownXXX,Sweden,14.5208584,blaROB,59.6749712
2008-01-14,UnknownXXX,United Kingdom,-3.2765753,blaRm3,54.7023545
"",,,,blaSED,
"",,,,blaSFB,
"",,,,blaSFC,
"",,,,blaSFH,
"",,,,blaSFO,
"",,,,blaSHV,
"",,,,blaSHV,
"",,,,blaSHV,
"",,Spain,,blaSHV,
"",,Tunisia,,blaSHV,
"",,,,blaSHV,
"",,,,blaSHV,
"",,,,blaSHV,
"",,,,blaSHV,
"",,,,blaSHV,
"",,,,blaSHV,
"",,,,blaSHV,
"",,,,blaSHV,
"",,,,blaSHV,
"",,,,blaSHV,
"",,,,blaSHV,
"",,,,blaSHV,
"",,,,blaSHV,
"",,,,blaSHV,
"",,,,blaSHV,
"",,,,blaSHV,
"",,,,blaSHV,
"",,,,blaSHV,
"",,,,blaSHV,
"",,,,blaSHV,
"",,,,blaSHV,
"",,,,blaSHV,
"",Amsterdam,Netherlands,,blaSHV,
"",,,,blaSHV,
"",,,,blaSHV,
"",,,,blaSHV,
"",,,,blaSHV,
"",,,,blaSHV,
"",Nijmegen,Netherlands,,blaSHV,
"",,,,blaSHV,
"",,,,blaSHV,
"",,,,blaSHV,
"",,,,blaSHV,
"",,,,blaSHV,
"",,,,blaSHV,
"",,,,blaSHV,
"",,,,blaSHV,
"",,,,blaSHV,
"",,,,blaSHV,
"",,,,blaSHV,
"",,,,blaSHV,
"",,,,blaSHV,
"",,,,blaSHV,
"",,,,blaSHV,
"",,,,blaSHV,
"",,,,blaSHV,
"",,,,blaSHV,
"",,,,blaSHV,
"",,,,blaSHV,
"",,,,blaSHV,
"",,,,blaSHV,
"",,,,blaSHV,
"",,,,blaSHV,
"",,,,blaSHV,
"",,,,blaSHV,
"",,,,blaSHV,
"",,,,blaSHV,
"",,,,blaSHV,
"",,,,blaSHV,
"",,,,blaSHV,
"",,,,blaSHV,
"",,,,blaSHV,
"",,,,blaSHV,
"",,,,blaSHV,
"",,,,blaSHV,
"",,,,blaSHV,
"",,,,blaSHV,
"",,,,blaSHV,
"",,,,blaSHV,
"",,,,blaSHV,
"",,,,blaSHV,
"",,,,blaSHV,
"",Durban,South Africa,,blaSHV,
"",,,,blaSHV,
"",,,,blaSHV,
"",,,,blaSHV,
"",,,,blaSHV,
"",Durban,South Africa,,blaSHV,
"",Durban,South Africa,,blaSHV,
"",Durban,South Africa,,blaSHV,
"",Durban,South Africa,,blaSHV,
"",,,,blaSHV,
"",,,,blaSHV,
"",,,,blaSHV,
"",,Brazil,,blaSHV,
2007,,India,,blaSHV,
"",,,,blaSHV,
"",,,,blaSHV,
"",,,,blaSHV,
"","Pittsburgh, PA",United States of America,,blaSHV,
"",,,,blaSHV,
"",Barcelona,Spain,,blaSHV,
"",Barcelona,Spain,,blaSHV,
"",,,,blaSHV,
"",,,,blaSHV,
"",,United Kingdom,,blaSHV,
"",,United Kingdom,,blaSHV,
"",,,,blaSHV,
"",,,,blaSHV,
"",,,,blaSHV,
"",,,,blaSHV,
"",,,,blaSHV,
"",,,,blaSHV,
"",,,,blaSHV,
"",,,,blaSHV,
"",,,,blaSHV,
"",,,,blaSHV,
"",,,,blaSHV,
"",,,,blaSHV,
"",,,,blaSHV,
"",,,,blaSHV,
"",,,,blaSHV,
"",,,,blaSHV,
"",,,,blaSHV,
"",,,,blaSHV,
"",,,,blaSHV,
"",,China,,blaSHV,
"",,,,blaSHV,
"",,,,blaSHV,
"",,,,blaSHV,
"",,,,blaSHV,
"",,,,blaSHV,
"",,,,blaSHV,
"",,,,blaSHV,
"",,,,blaSHV,
"",,,,blaSHV,
"",,,,blaSHV,
"",,,,blaSHV,
"",,,,blaSHV,
"",,,,blaSHV,
"",,,,blaSHV,
"",,,,blaSHV,
"",,,,blaSHV,
"",,,,blaSHV,
"",,,,blaSHV,
"",,,,blaSHV,
"",,,,blaSHV,
"",,,,blaSHV,
"",,,,blaSHV,
"",,,,blaSHV,
"",,,,blaSHV,
"",,,,blaSHV,
"",,,,blaSHV,
"",,,,blaSHV,
"",,,,blaSHV,
"",,,,blaSHV,
"",,,,blaSHV,
"",,,,blaSHV,
"",,,,blaSHV,
"",,,,blaSHV,
"",,,,blaSHV,
"",,,,blaSHV,
"",,,,blaSHV,
"",,,,blaSHV,
"",,,,blaSHV,
"",,,,blaSIM,
"",,,,blaSLB,
24-Nov-2013," DC",United States of America,-77.0333239145,blaSMB,38.9298584
"",,,,blaSME,
"",Boston,United States of America,,blaSME,
"",,,,blaSME,
"",,,,blaSME,
"",,,,blaSME,
"",,,,blaSPG,
"",,,,blaSPM,
"",,,,blaSPU,
"",,,,blaSRT,
"",,,,blaSRT,
"",,,,blaSST,
"",,,,blaTEM,
"",,,,blaTEM,
"",,,,blaTEM,
"",,,,blaTEM,
"",,,,blaTEM,
"",,,,blaTEM,
"",,,,blaTEM,
"",,,,blaTEM,
"",,,,blaTEM,
"",,,,blaTEM,
"",,"Hong Kong, SAR China",,blaTEM,
"",,,,blaTEM,
"",,,,blaTEM,
"",,,,blaTEM,
"",,,,blaTEM,
"",,,,blaTEM,
"",,,,blaTEM,
2015,UnknownXXX,Thailand,100.83273,blaTEM,14.8971921
"",,,,blaTEM,
"",,,,blaTEM,
"",,,,blaTEM,
"",,,,blaTEM,
"",,,,blaTEM,
"",,,,blaTEM,
"",,,,blaTEM,
"",,,,blaTEM,
"",,,,blaTEM,
"",,,,blaTEM,
"",,,,blaTEM,
"",,,,blaTEM,
"",,,,blaTEM,
"",,,,blaTEM,
"",,,,blaTEM,
"",,,,blaTEM,
"",,,,blaTEM,
"",,,,blaTEM,
"",,,,blaTEM,
"",,,,blaTEM,
"",,,,blaTEM,
"",,,,blaTEM,
"",,,,blaTEM,
"",,,,blaTEM,
"",,,,blaTEM,
"",,,,blaTEM,
"",,,,blaTEM,
"",KwaZulu-Natal,South Africa,,blaTEM,
"",KwaZulu-Natal,South Africa,,blaTEM,
"",,,,blaTEM,
"",,,,blaTEM,
"",,,,blaTEM,
"",,,,blaTEM,
"",,,,blaTEM,
"",,,,blaTEM,
"",,,,blaTEM,
"",,,,blaTEM,
"",,,,blaTEM,
"",,,,blaTEM,
"",,,,blaTEM,
"",,,,blaTEM,
"",,,,blaTEM,
"",,,,blaTEM,
"",,,,blaTEM,
"",,,,blaTEM,
"","Maharashtra, Satpuda Ranges",India,,blaTEM,
"",,,,blaTEM,
"",,,,blaTEM,
"",,China,,blaTEM,
"",,,,blaTEM,
"",,,,blaTEM,
"",,Iran,,blaTEM,
1980,UnknownXXX,Japan,139.2394179,blaTEM,36.5748441
09-Feb-1995," Buffalo, NY",United States of America,-78.8784,blaTEM,42.8864
"",,,,blaTEM,
"",,,,blaTEM,
"",,,,blaTEM,
10-Oct-2000,UnknownXXX,China,104.999927,blaTEM,35.000074
"",,,,blaTEM,
"",,,,blaTEM,
"",,,,blaTEM,
"",,,,blaTEM,
"",,,,blaTEM,
"",,,,blaTEM,
"",,,,blaTEM,
"",,,,blaTEM,
"",,,,blaTEM,
"",,,,blaTEM,
"",,,,blaTEM,
"",,,,blaTEM,
"",,,,blaTEM,
"",,,,blaTEM,
"",,,,blaTEM,
"",,,,blaTEM,
"",,,,blaTEM,
"",,,,blaTEM,
"",,,,blaTEM,
"",,,,blaTEM,
"",,,,blaTEM,
"",,,,blaTEM,
"",,,,blaTEM,
"",,,,blaTEM,
"",,,,blaTEM,
"",,,,blaTEM,
1997,UnknownXXX,Denmark,10.3333283,blaTEM,55.670249
"",,,,blaTEM,
"",,,,blaTEM,
"",,,,blaTEM,
"",,,,blaTEM,
"",,,,blaTEM,
"",,,,blaTEM,
"",,,,blaTEM,
"",,,,blaTEM,
"",,,,blaTEM,
"",,,,blaTEM,
"",,,,blaTEM,
"",,,,blaTEM,
"",,,,blaTEM,
"",,,,blaTEM,
1-Jun-03,,United States of America,,blaTEM,
"",,,,blaTEM,
"",,,,blaTEM,
"",,,,blaTEM,
"",,,,blaTEM,
"",,,,blaTEM,
"",,,,blaTEM,
Jul-1996," Queensland",Australia,144.4588889,blaTEM,-21.9182856
"",,,,blaTEM,
"",,,,blaTEM,
"",,,,blaTEM,
"",,,,blaTEM,
"",,,,blaTEM,
"",,,,blaTEM,
"",,,,blaTEM,
"",,,,blaTEM,
"",,,,blaTEM,
"",,,,blaTEM,
"",,,,blaTEM,
"",,,,blaTEM,
"",,,,blaTEM,
1997,UnknownXXX,United States of America,-100.4458825,blaTEM,39.7837304
"",,,,blaTEM,
"",,,,blaTEM,
"",,,,blaTEM,
"",,,,blaTEM,
"",,,,blaTEM,
"",,,,blaTEM,
"",,,,blaTEM,
"",,,,blaTEM,
"",,,,blaTEM,
"",,,,blaTEM,
"",,,,blaTEM,
"",,,,blaTEM,
"",,,,blaTEM,
"",,,,blaTEM,
"",,,,blaTEM,
"",,,,blaTEM,
"",,,,blaTEM,
"",,,,blaTEM,
"",,,,blaTEM,
"",,,,blaTEM,
"",,,,blaTEM,
"",,,,blaTEM,
"",,,,blaTEM,
"",,,,blaTEM,
"",,,,blaTEM,
"",,,,blaTEM,
"",,,,blaTEM,
"",,,,blaTEM,
"",,,,blaTEM,
"",,,,blaTEM,
03-Dec-2013," Scotland",United Kingdom,-4.1140518,blaTEM,56.7861112
"",,,,blaTEM,
"",,United Kingdom,,blaTEM,
"",,,,blaTEM,
"",,,,blaTEM,
"",,,,blaTEM,
"",,,,blaTHIN,
"",,,,blaTLA,
"",,,,blaTLA,
"",,,,blaTLA,
"",,,,blaTMB,
"",,,,blaTMB,
"",,,,blaTRU,
"",,,,blaTUS,
"",,,,blaVCC,
"",,,,blaVEB,
"",,,,blaVEB,
"",,,,blaVEB,
"",,,,blaVEB,
"",,,,blaVEB,
"",,,,blaVEB,
"",,,,blaVEB,
"",,,,blaVEB,
"",,,,blaVEB,
"",,,,blaVEB,
"",Shanghai,China,,blaVEB,
"",,,,blaVEB,
"",,,,blaVEB,
"",,,,blaVEB,
"",,,,blaVEB,
"",,,,blaVEB,
"",,Kuwait,,blaVEB,
"",,,,blaVHH,
"",,,,blaVHW,
"",,,,blaVIM,
"",,,,blaVIM,
"",,,,blaVIM,
"",,,,blaVIM,
"",,,,blaVIM,
"",,,,blaVIM,
"",,Bulgaria,,blaVIM,
"",,Germany,,blaVIM,
"",,Greece,,blaVIM,
"",,,,blaVIM,
"",,,,blaVIM,
"",,,,blaVIM,
"",,,,blaVIM,
"",,,,blaVIM,
"",,,,blaVIM,
"",,,,blaVIM,
"",,,,blaVIM,
"",,,,blaVIM,
"",,,,blaVIM,
"",,,,blaVIM,
"",,,,blaVIM,
"",,,,blaVIM,
"",,,,blaVIM,
"",,,,blaVIM,
"",,,,blaVIM,
"",,,,blaVIM,
"",,,,blaVIM,
"",,,,blaVIM,
"",,,,blaVIM,
"",,,,blaVIM,
"",,,,blaVIM,
"",,,,blaVIM,
"",,,,blaVIM,
"",,,,blaVIM,
"",,,,blaVIM,
"",,,,blaVIM,
"",,,,blaVIM,
"",,,,blaVIM,
"",,,,blaVIM,
"",,,,blaVIM,
"",,,,blaVIM,
"",,,,blaVIM,
"",,,,blaVIM,
"",,,,blaVIM,
"",,,,blaVIM,
"",,,,blaVIM,
"",,,,blaVIM,
"",,,,blaVIM,
"",,,,blaZ,
"",,,,blaZEG,
"",,,,blaCfiA,
2016,UnknownXXX,Ghana,-1.0800271,blaCepA,8.0300284
"",,,,blaCfiA,
"",,,,blaCfiA,
"",,,,blaCfiA,
"",,,,blaCfiA,
"",,,,blaCfiA,
"",,,,blaCfiA,
"",,,,blaCfxA,
"",,,,blaCfxA,
1990-11-19," PA",United States of America,-77.7278831,blaCfxA,40.9699889
29-Oct-2015," FL",United States of America,-81.4639835,blaCfxA,27.7567667
08-Jul-2014," New Mexico",United States of America,-105.993007,blaCfxA,34.5708167
"",,,,blaCfxA,
"",,,,blaclass_A_Rhodopseudomonas_capsulata_beta,
14-Jun-2007," OK",United States of America,-97.2684063,blaCphA,34.9550817
2008-01-11,UnknownXXX,United Kingdom,-3.2765753,blaCphA,54.7023545
"",,,,blaCphA,
"",,,,blaCphA,
2006/2012,UnknownXXX,Netherlands,5.53460738162,blaCphA,52.2379891
"",,,,blaCphA,
"",,,,blaCphA,
"",,,,blaimiH,
1999,UnknownXXX,Brazil,-53.2,blaimiS,-10.3333333
2014,UnknownXXX,United Kingdom,-3.2765753,blamecA,54.7023545
"",UnknownXXX,United States of America,-100.4458825,blamecB,39.7837304
"",,,,blamecC,
2005,UnknownXXX,United States of America,-100.4458825,blamecD,39.7837304
"",,,,blamecI,
"",,,,blaompF_(E._coli),
"",,,,blay56,
"",,,,blt,
2010-08-10,UnknownXXX,Norway,11.5280364395,bmr,64.5731537
"",,,,carA,
"",,,,cat,
"",,,,cat,
28-Dec-1990," Alberta",Canada,-115.002136,cat,55.001251
2002," CT",United States of America,-72.7342163,cat,41.6500201
"",,,,cat86,
"",,,,catA7,
10-Oct-2000," ND",United States of America,-100.540737,catA9,47.6201461
"",,,,catB1,
"",,,,catB10,
2012-12,UnknownXXX,United Kingdom,-3.2765753,catB2,54.7023545
2014," Sacramento, CA",United States of America,-121.4943996,catB3,38.5815719
2008-02-08,UnknownXXX,United Kingdom,-3.2765753,catB4,54.7023545
Jul-2017,,,,catB5,
2008-01-16,UnknownXXX,United Kingdom,-3.2765753,catB6,54.7023545
"",,,,catB7,
"",,,,catB8,
2011,UnknownXXX,China,104.999927,catB9,35.000074
2006/2012,UnknownXXX,Netherlands,5.53460738162,catI,52.2379891
2008,Wales,United Kingdom,-3.73893,catII,52.2928116
2014," GA",United States of America,-83.1137366,catIII,32.3293809
08-Jul-2014," New Mexico",United States of America,-105.993007,catP,34.5708167
"",,,,catQ,
"",,,,catS,
2001,Massachesetts,United States of America,,catU,
"",,,,cdeA,
9-Oct-01,Barcelona,Spain,,cdsA,
"",,,,ceoA,
"",,,,ceoB,
"",,,,cfrA,
2014,UnknownXXX,United Kingdom,-3.2765753,cfrC,54.7023545
"",,,,chrB,
12-Mar-2008," Ontario",Canada,-86.000977,cipA,50.000678
Jul-2013," Ohio",United States of America,-82.6881395,clbA,40.2253569
"",,,,clbB,
"",,,,clbC,
2012,Wernigerode,Germany,,cls,
"",,,,cls,
"",,,,cmeA,
10-Jan-2012,UnknownXXX,Netherlands,5.53460738162,cmeB,52.2379891
2009,UnknownXXX,United States of America,-100.4458825,cmeC,39.7837304
2000," British Columbia",Canada,-125.002441,cmlA1,55.001251
"",,,,cmlA4,
"",,,,cmlA5,
"",,,,cmlA6,
"",,,,cmlA,
"",,,,cmlB,
"",,,,cmlB1,
"",,,,cmlR,
"",,,,cmlv,
"",,,,cmrA,
"",,,,cmr,
06-Sep-2006," Plum Island, MA",United States of America,-79.9492561,cmx,32.7604549
"",,,,cpaA,
"",,,,dfr22,
"",,,,dfr32,
"",,,,dfrA1,
"",,,,dfrA10,
"",,,,dfrA12,
"",,,,dfrA13,
"",,,,dfrA14,
2015," Stockton, CA",United States of America,-121.2907796,dfrA15,37.9577016
"",,,,dfrA15b,
2003," Jiangsu",China,119.9999999,dfrA16,33.0000001
"",,,,dfrA17,
"",,,,dfrA19,
"",,,,dfrA20,
"",,,,dfrA21,
"",,,,dfrA22,
"",,,,dfrA23,
"",,,,dfrA24,
"",,,,dfrA25,
"",,,,dfrA26,
"",,,,dfrA27,
"",,,,dfrA28,
2009,UnknownXXX,United States of America,-100.4458825,dfrA2d,39.7837304
"",,,,dfrA3,
"",,,,dfrA30,
"",,,,dfrA31,
"",,,,dfrA3b,
"",,,,dfrA5,
"",,,,dfrA6,
"",,,,dfrA7,
"",,,,dfrA8,
"",,,,dfrA9,
"",,,,dfrB1,
"",,,,dfrB2,
"",,,,dfrB3,
"",,,,dfrB5,
"",,,,dfrB6,
"",,,,dfrB8,
"",,,,dfrC,
2006/2012,UnknownXXX,Netherlands,5.53460738162,dfrD,52.2379891
"",,,,dfrE,
2008-02-14,UnknownXXX,United Kingdom,-3.2765753,dfrF,54.7023545
08-Mar-2015," Queensland",Australia,144.4588889,dfrG,-21.9182856
2014,UnknownXXX,United Kingdom,-3.2765753,dfrK,54.7023545
"",,,,edeQ,
"",,,,efmA,
"",,,,efrA,
2007-01-22,UnknownXXX,United Kingdom,-3.2765753,efrB,54.7023545
"",,,,embA,
1997,UnknownXXX,,,embB,53
"",,,,embB,
"",,,,embC,
"",,,,embR,
Nov-2014,,,,emeA,
"",,,,emrA,
2007,UnknownXXX,China,104.999927,emrB,35.000074
"",,,,emrD,
"",,,,emrE,
"",,,,emrE,
"",,,,emrK,
"",,,,emrY,
2014-07-08," Ihan, pig farm",Slovenia,14.614836,ereA,46.1223924
"",,,,ereA2,
"",,,,erm30,
"",,,,erm31,
"",,,,erm33,
2011,UnknownXXX,Italy,12.674297,erm34,42.6384261
"",,,,erm35,
"",,,,erm36,
"",,,,erm37,
"",,,,erm38,
"",,,,erm39,
"",,,,erm41,
"",,,,erm42,
"",,,,erm43,
2006,England,United Kingdom,-0.540240286617,erm44,52.7954791
"",,,,erm47,
04-Dec-2015," TX",United States of America,-96.33,ermA,30.63
"",,,,ermB,
1997,,,,ermC,
"",,,,ermD,
"",,,,ermF,
"",,,,ermG,
"",,,,ermH,
"",,,,ermN,
"",,,,ermO,
"",,,,ermQ,
1991,,Puerto Rico,,ermR,
"",,,,ermS,
"",,,,ermGT,
"",,,,ermU,
"",,,,ermV,
"",,,,ermW,
2007-11-28,UnknownXXX,United Kingdom,-3.2765753,ermX,54.7023545
1941," Ogawa",India,,ermGH,
"",,,,ethA,
"",,,,evgS,
"",,,,fabG,
2015,UnknownXXX,United Kingdom,-3.2765753,fabI,54.7023545
"",,,,facT,
"",,,,farA,
"",,,,farB,
"",,,,fexA,
"",,,,floR,
"",,,,folC,
"",,,,folP,
"",UnknownXXX,,,folP,11
"",,,,folP,
"",,,,fomA,
"",,,,fomB,
"",,,,fosA,
11-Oct-2011," Toronto",Canada,-79.377806,fosA2,43.653650
"",,,,fosA3,
"",,,,fosA4,
"",,,,fosA5,
"",,,,fosA6,
4-Oct-04,"British Columbia, Fraser Valley",Canada,,fosA7,
2000,UnknownXXX,Venezuela,-66.1109318,fosB,8.0018709
"",,,,fosB1,
"",,,,fosB3,
"",,,,fosC,
"",,,,fosC2,
2006/2012,UnknownXXX,Netherlands,5.53460738162,fosD,52.2379891
"",,,,fosK,
"",,,,fosX,
Mar-2015,UnknownXXX,Brazil,-48.259917299999984,fusB,-18.8815815
"",,,,fusD,
"",,,,fusH,
2014-11,Makkah,Saudi Arabia,,gadW,
"",,,,gidB_(M._tuberculosis),
"",,,,gimA,
"",,,,gyrA/parC_(P._aeruginosa),
"",,,,gyrA,
2006/2012,UnknownXXX,Netherlands,5.53460738162,gyrA,52.2379891
not determined,,,,gyrA,
""," Pennsylvania",United States of America,-77.1945,gyrA,41.2033
"",,,,gyrA,
"",,,,gyrA,
"",UnknownXXX,,,gyrA,11
"",,,,gyrA,
2003,UnknownXXX,Lao PDR,103.378253,gyrA,20.0171109
"",,,,gyrA,
"",,,,gyrA,
08-Jan-2001," Buffalo, NY",United States of America,-78.8784,gyrA,42.8864
25-Sep-2014," PA",United States of America,-77.7278831,gyrA,40.9699889
"",,,,gyrA,
01-Oct-2009," Tennessee",United States of America,-86.2820081,gyrB,35.7730076
"",,,,gyrB,
"",UnknownXXX,,,gyrB,11
Mar-2014," Hangzhou",China,120.2,gyrB,30.3
"",,,,gyrB,
2013,Guangxi,China,109.0,gyrB,24.0
"",,,,gyrB,
"",,,,gyrB,
"",,,,inhA,
"",,,,iniA,
"",,,,iniB,
"",,,,iniC,
"",,,,iri,
"",,,,kasA,
"",,,,katG,
not determined,University of Texas Medical School,United States of America,,liaR,
"",,,,liaS,
"",,,,linG,
2014,UnknownXXX,United Kingdom,-3.2765753,llmA,54.7023545
"",,,,lmrA,
"",UnknownXXX,Zimbabwe,29.7468414,lmrB,-18.4554963
"",,,,lmrC,
"",,,,lmrD,
"",,,,lmrP,
2006/2012,UnknownXXX,Netherlands,5.53460738162,lnuA,52.2379891
2015,UnknownXXX,United Kingdom,-3.2765753,lnuB,54.7023545
"",,,,lnuC,
1990,UnknownXXX,Brazil,-53.2,lnuD,-10.3333333
"",,,,lnuE,
"",,,,lnuF,
2013," Shanghai",China,121.4888922,lnuG,31.2253441
"",,,,lrfA,
2007-01-25,UnknownXXX,United Kingdom,-3.2765753,lsaA,54.7023545
"",,,,lsaB,
"",,,,lsaC,
"",,,,lsaE,
"",,,,macA,
2006/2012,UnknownXXX,Netherlands,5.53460738162,macB,52.2379891
"",,,,marA,
"",,,,mdfA,
"",,,,mdsA,
1900/2016,UnknownXXX,Colombia,-73.783892,mdsB,2.8894434
"",,,,mdsC,
"",,,,mdtA,
"",,,,mdtB,
"",,,,mdtC,
"",,,,mdtE,
"",,,,mdtF,
"",,,,mdtG,
07-Sep-1995," Buffalo, NY",United States of America,-78.8784,mdtH,42.8864
"",,,,mdtK,
"",,,,mdtL,
"",,,,mdtM,
"",,,,mdtN,
"",,,,mdtO,
"",,,,mdtP,
"",,,,mefA,
"",,,,mefB,
"",,,,mefC,
"",,,,mefE,
"",,,,mel,
"",,,,mepA,
"",,,,mexA,
"",,,,mexB,
"",,,,mexC,
23-Apr-1993," Nizhny Novgorod",Russian Federation,44.003506,mexD,56.328571
"",,,,mexE,
"",,,,mexF,
"",,,,mexG,
"",,,,mexH,
2006-12-04,UnknownXXX,United Kingdom,-3.2765753,mexI,54.7023545
"",,,,mexJ,
"",,,,mexK,
"",,,,mexL,
"",,,,mexM,
"",,,,mexN,
"",,,,mexP,
"",,,,mexQ,
"",,,,mexV,
07-Feb-2005," MD",United States of America,-76.9382069,mexW,39.5162234
"",,,,mexX,
"",,,,mexY,
2014," near Point Barrow, Alaska",United States of America,-157,mfpA,71.3
"",,,,mgtA,
2014,UnknownXXX,Denmark,12.568337,mphA,55.676098
"",,,,mphB,
2006,England,United Kingdom,-0.540240286617,mphC,52.7954791
""," Seattle",United States of America,-122.3300624,mphD,47.6038321
"",,,,mphE,
"",,,,mphG,
"",,,,mphI,
"",,,,mprF,
1991,UnknownXXX,Brazil,-53.2,mprF,-10.3333333
"",,,,mprF,
"",,,,mprF,
"",,,,mprF,
May-2015," Shandong",China,118.9999999,msrA,36.0000001
"",,,,msrB,
Sep-2015,UnknownXXX,United Kingdom,-3.2765753,msrC,54.7023545
"",UnknownXXX,United States of America,-100.4458825,msrE,39.7837304
"",,,,mtrA,
"",,,,mtrC,
"",,,,mtrD,
1995,UnknownXXX,United Kingdom,-3.2765753,mtrE,54.7023545
2008,UnknownXXX,Peru,-75.0458515,mtrR,-6.8699697
2007-01-31,UnknownXXX,United Kingdom,-3.2765753,murA,54.7023545
"","Seattle, Washington",United States of America,,murA,
"",,,,murA,
"",,,,muxA,
"",,,,muxC,
"",,,,myrA,
"",,,,ndh,
"",,,,nfsA,
"",,,,nimB,
"",,,,nimC,
"",,,,nimD,
2014,UnknownXXX,United Kingdom,-3.2765753,nimJ,54.7023545
2012,Outskirts of Abuja,Nigeria,,norA,
"",,,,norB,
2006-10-12,UnknownXXX,United States of America,-100.4458825,novA,39.7837304
"",,,,oleB,
"",,,,oleC,
"",,,,oleD,
"",,,,oleI,
"",,,,omp36,
"",,,,opcM,
"",,,,opmB,
"",,,,opmD,
"",,,,opmE,
"",,,,opmH,
"",,,,oprD,
"",,,,oprM,
"",,,,optrA,
"",,,,oqxA,
2014,UnknownXXX,United Kingdom,-3.2765753,oqxB,54.7023545
"",,,,otrA,
"",,,,otrB,
"",,,,otrC,
"",,,,parC,
"",,,,parC,
1978,New Jersey,United States of America,,parC,
"",,,,parC,
"",,,,parC,
"",,,,parC,
"",,,,parC,
"",,,,parC,
"",,,,parE,
1985," MA",United States of America,-72.032366,parE,42.3788774
"",,,,parE,
"",,,,parE,
"",,,,parY,
"",Alaska,United States of America,,pexA,
2008-02-05,UnknownXXX,United Kingdom,-3.2765753,pgpB,54.7023545
"",,,,pgsA,
"",,,,phoP,
"",,,,phoQ,
"",,,,pmrA,
"",,,,pmrC,
"",,,,pncA,
"",,,,pp,
"",,,,pp,
May-2015," Shandong",China,118.9999999,qacA,36.0000001
"",,,,qacB,
31-Jul-2014," CA",United States of America,-118.7559974,qacH,36.7014631
14-Sep-2001," Vancouver",Canada,-123.12,ramA,49.24
"",,,,ramR,
"",,,,ramR,
"",,,,rbpA,
"",,,,rgt1438,
"",,,,ribD,
"",,,,rmtA,
"",,,,rmtB,
"",,,,rmtB2,
"",,,,rmtC,
2010," Pennsylvania",United States of America,-77.7278831,rmtD,40.9699889
"",,,,rmtF,
"",,,,rmtG,
"",,,,rmtH,
"",,,,rob,
1998,UnknownXXX,United States of America,-100.4458825,rosA,39.7837304
2013-11-06,UnknownXXX,Italy,9.18944,rosB,45.4642
"",,,,rphA,
"",,,,rphB,
"",,,,rpoB2,
09-Dec-2014," Cincinatti",United States of America,-84.5,rpoB,39.1409
"",UnknownXXX,,,rpoB,11
"",,,,rpoB,
"",,,,rpoB,
1998,UnknownXXX,,,rpoC,53
"",,,,rpsJ,
2008-02-01,UnknownXXX,United Kingdom,-3.2765753,rpsL,54.7023545
"",,,,salA,
2006/2012,UnknownXXX,Netherlands,5.53460738162,smeA,52.2379891
"",,,,smeB,
"",,,,smeC,
"",,,,smeD,
"",,,,smeE,
2014,UnknownXXX,United Kingdom,-3.2765753,smeF,54.7023545
"",,,,smeR,
"",,,,smeS,
"",,,,soxR,
"",,,,soxS,
2012," Hubei, Enshi, Jianshi",China,112.0,spc,31.0
"",,,,spd,
2009,,,,srmB,
"",,,,sul1,
"",,,,sul2,
"",,,,sul3,
1997,UnknownXXX,Brazil,-53.2,taeA,-10.3333333
"",,,,tap,
"",,,,tcmA,
"",,,,tcr3,
"",,,,tet30,
2009," Pacific Northwest",United States of America,-73.254814,tet31,40.737599
"",,,,tet32,
2014,UnknownXXX,United Kingdom,-3.2765753,tet33,54.7023545
2014,UnknownXXX,United Kingdom,-3.2765753,tet34,54.7023545
1900/2016,UnknownXXX,Colombia,-73.783892,tet35,2.8894434
2014,UnknownXXX,Germany,10.4234469,tet36,51.0834196
"",,,,tet37,
2009,England,United Kingdom,-0.540240286617,tet38,52.7954791
"",,,,tet39,
2000,UnknownXXX,Peru,-75.0458515,tet40,-6.8699697
"",,,,tet41,
2014,UnknownXXX,United Kingdom,-3.2765753,tet42,54.7023545
"",Wisconsin,United States of America,,tet43,
2006,UnknownXXX,United Kingdom,-3.2765753,tet44,54.7023545
"",,,,tet45,
Oct-2014,UnknownXXX,United States of America,-100.4458825,tetA,39.7837304
13-Apr-2014," Rochester, Minnesota",United States of America,-92.4630,tetA(46),44.0234
2014,UnknownXXX,United Kingdom,-3.2765753,tetA(48),54.7023545
20-Feb-2013," Hangzhou",China,120.2,tetA(60),30.3
"",,,,tetA(P),
"",,,,tetB,
"",,,,tetB(46),
"",,,,tetB(48),
"",,United Kingdom,,tetB(60),
2013-03-11,UnknownXXX,United Kingdom,-3.2765753,tetB(P),54.7023545
2005," Tibet",China,89.9999998,tetC,32.0000002
2014," OR",United States of America,-120.737257,tetD,43.9792797
2004,UnknownXXX,United States of America,-100.4458825,tetE,39.7837304
2014,UnknownXXX,United Kingdom,-3.2765753,tetG,54.7023545
27-Oct-2014," CA",United States of America,-118.7559974,tetH,36.7014631
"",,,,tetJ,
2006/2012,UnknownXXX,Netherlands,5.53460738162,tetK,52.2379891
2008,UnknownXXX,United Kingdom,-3.2765753,tetL,54.7023545
"",,,,tetM,
"",,,,tetO,
"",,,,tetQ,
01-Dec-1984," London",United Kingdom,-0.1276474,tetS,51.5073219
2007-11-20,UnknownXXX,United Kingdom,-3.2765753,tetT,54.7023545
2003," Bucaramanga",Colombia,-73.1227,tetU,7.1193
"",,,,tetW,
2014,UnknownXXX,United Kingdom,-3.2765753,tetX,54.7023545
2013,Hubei,China,112.0,tetY,31.0
""," MD",United States of America,-76.9382069,tetZ,39.5162234
"",,,,thyA,
"",,,,tlrB,
"",,,,tlrC,
"",,,,tlyA,
"",,,,tmrB,
"",,,,tolC,
"",,,,triA,
"",,,,triB,
"",,,,triC,
"",,,,tsnR,
2014-02-25," OR",United States of America,-120.737257,vanA,43.9792797
"",,,,vanA,
"",,,,vanB,
2013,Hubei,China,112.0,vanC,31.0
"",,,,vanC2,
"",,Japan,,vanC2/3,
"",,,,vanC3,
"",,,,vanD,
"",,,,vanE,
"",,,,vanF,
"",,,,vanG,
"",,,,vanH,
"",,,,vanH,
"",,,,vanH,
"",,,,vanH,
2014,UnknownXXX,United Kingdom,-3.2765753,vanH,54.7023545
"",,,,vanHA,
"",,,,vanHA,
"",,,,vanHB,
"",,,,vanHD,
Jul-2004," Vastra Gotaland, Gothenburg",Sweden,11.96115218102932,vanHF,57.68249085565022
4-Feb-06,,China,,vanHM,
"",,,,vanHO,
"",,,,vanI,
"",,,,vanL,
4-Feb-06,,China,,vanM,
"",,,,vanN,
"",,,,vanO,
2009,UnknownXXX,United Kingdom,-3.2765753,vanRA,54.7023545
"",,,,vanRB,
"",,,,vanRC,
"",,,,vanRD,
2005,UnknownXXX,United States of America,-100.4458825,vanRE,39.7837304
2013,UnknownXXX,Italy,12.674297,vanRF,42.6384261
"",,,,vanRG,
"",,,,vanRI,
"",,,,vanRL,
2016," Buenos Aires",Argentina,-58.3816,vanRM,-34.6037
"",,,,vanRN,
"",,,,vanRO,
15-Dec-2015,UnknownXXX,Nigeria,7.9999721,vanRc3,9.6000359
2014,UnknownXXX,Brazil,-53.2,vanS,-10.3333333
"",,,,vanSA,
"",,,,vanSB,
"",,,,vanSC,
Aug-2014," Ohio",United States of America,-82.6881395,vanSD,40.2253569
"",,,,vanSE,
"",,,,vanSF,
"",,,,vanSG,
"",,,,vanSL,
4-Feb-06,,China,,vanSM,
2010," Maryland",United States of America,-76.9382069,vanSN,39.5162234
"",,,,vanSO,
""," MO",United States of America,-92.5617875,vanSc3,38.7604815
"",,,,vanTC,
2015,,,,vanTE,
"",UnknownXXX,,,vanTG,42.34692
"",,,,vanTN,
"",,,,vanTc3,
"",,,,vanTmL,
"",,,,vanTrL,
"",,,,vanUG,
"",,,,vanVB,
"",,,,vanWB,
"",,,,vanWG,
"",,,,vanX,
"",,,,vanX,
"",,,,vanX,
"",,,,vanX,
2008,UnknownXXX,Brazil,-53.2,vanX,-10.3333333
28-Mar-2014," Hangzhou",China,120.2,vanXA,30.3
"",,,,vanXB,
"",,,,vanXD,
"",,,,vanXF,
"",,,,vanXI,
4-Feb-06,,China,,vanXM,
"",,,,vanXO,
"",,,,vanXYC,
"",,,,vanXYE,
"",,,,vanXYG,
"",,,,vanXYL,
"",,,,vanXYN,
28-Oct-2014,UnknownXXX,Nigeria,7.9999721,vanXYc2/3,9.6000359
"",,,,vanXYc3,
"",,,,vanY,
2012-04-03,UnknownXXX,United Kingdom,-3.2765753,vanYA,54.7023545
"",,,,vanYB,
"",,,,vanYD,
25-Aug-2015," Denver, CO",United States of America,-104.984696,vanYF,39.7391428
"",,,,vanYG1,
4-Feb-06,,China,,vanYM,
"",,,,vanZ,
"",,,,vanZA,
"",,,,vanZF,
"",,,,vatA,
2012-04-10,UnknownXXX,United Kingdom,-3.2765753,vatB,54.7023545
2004," Alberta",Canada,-115.002136,vatC,55.001251
"",,,,vatD,
Nov-2014," Mato Grosso, Pantanal",Brazil,-56.38,vatE,-16.15
"",,,,vatF,
"",,,,vatH,
2004,UnknownXXX,Costa Rica,-84.0739102,vatI,10.2735633
"",,,,vgaA,
"",,,,vgaALC,
"",,,,vgaB,
"",,,,vgaC,
"",,,,vgaD,
"",,,,vgaE,
2013,UnknownXXX,United States of America,-100.4458825,vgbA,39.7837304
"",,,,vgbB,
"",,,,vgbC,
"",,,,vph,
"",,,,ykkC,
2014,UnknownXXX,Venezuela,-66.1109318,ykkD,8.0018709
"",,,,16S rRNA,
"",,,,16S rRNA,
"",,,,16S rRNA,
2006/2012,UnknownXXX,Netherlands,5.53460738162,23S rRNA,52.2379891
2007-01-31,UnknownXXX,United Kingdom,-3.2765753,23S rRNA,54.7023545
"",,,,"16S rRNA, rrnS",
"",,,,23S rRNA,
2012-10-12," Sussex",United Kingdom,-0.461708,16S rRNA,50.928014
"",,,,"16S rRNA, rrnB",
2007,UnknownXXX,Argentina,-64.9672817,"16S rRNA, rrnB",-34.9964963
19-Jul-2010,UnknownXXX,United States of America,-100.4458825,"16S rRNA, rrnB",39.7837304
2010-08-02," NY",United States of America,-75.8449946,"16S rRNA, rrsB",43.1561681
"",UnknownXXX,Japan,139.2394179,"16S rRNA, rrsB",36.5748441
"",,,,"16S rRNA, rrsB",
"",,,,"16S rRNA, rrsB",
"",,,,"16S rRNA, rrsB",
2016," FL",United States of America,-82.26,"16S rRNA, rrsB",29.74
"",,,,"16S rRNA, rrsB",
"",,,,"16S rRNA, rrsB",
"",,,,"16S rRNA, rrsB",
"",,,,"16S rRNA, rrsC",
""," WA",United States of America,-120.2126139,"16S rRNA, rrsH",47.2868352
2013,,,,16S rRNA,
1960,UnknownXXX,New Zealand,172.8344077,23S rRNA,-41.5000831
22-Apr-2009,UnknownXXX,Tanzania,35.7878438,23S rRNA,-6.5247123
Dec-2015,,,,23S rRNA,
"",,,,23S rRNA,
"",,,,23S rRNA,
"",,,,16S rRNA,
09-Apr-2014," MO",United States of America,-92.5617875,16S rRNA,38.7604815
"",,,,23S rRNA,
1990-11-19," PA",United States of America,-77.7278831,23S rRNA,40.9699889
"",,,,16S rRNA,
"",,,,16S rRNA,
"",,,,16S rRNA,
"",,,,16S rRNA,
2006/2012,UnknownXXX,Netherlands,5.53460738162,16S rRNA,52.2379891
"",,,,23S rRNA,
28-Apr-2009,UnknownXXX,Tanzania,35.7878438,23S rRNA,-6.5247123
"",,,,16S rRNA,
"",,,,16S rRNA,
"",,,,16S rRNA,
"",,,,16S rRNA,
"",,,,16S rRNA,
"",,,,23S rRNA,
"",,,,23S rRNA,
27-Aug-2013," MD",United States of America,-76.9382069,23S rRNA,39.5162234
2010,Nijmegen,Netherlands,,23S rRNA,
2009,UnknownXXX,Costa Rica,-84.0739102,"16S rRNA, rrsA",10.2735633
"",,,,"16S rRNA, rrsA",
"",,,,"16S rRNA, rrsA",
"",,,,"16S rRNA, rrsA",
"",,,,"16S rRNA, rrsB",
"",,,,"16S rRNA, rrsB",
"",,,,"16S rRNA, rrsB",
2014,UnknownXXX,United Kingdom,-3.2765753,"16S rRNA, rrsB",54.7023545
"",,,,"16S rRNA, rrsB",
"",,,,23S rRNA,
"",,,,16S rRNA,
1991,UnknownXXX,Brazil,-53.2,16S rRNA,-10.3333333
2000,UnknownXXX,Venezuela,-66.1109318,16S rRNA,8.0018709
2009," Sydney",Australia,151.2164539,16S rRNA,-33.8548157
21-Jul-2013," MD",United States of America,-76.9382069,23S rRNA,39.5162234
Oct-2014," Winnipeg, MB",Canada,-97.168579,23S rRNA,49.884017
2012,UnknownXXX,China,104.999927,23S rRNA,35.000074
"",,,,23S rRNA,
18-Sep-2010," Massachusetts, Nahant, Canoe Cove",United States of America,-72.032366,16S rRNA,42.3788774
2000,UnknownXXX,Venezuela,-66.1109318,16S rRNA,8.0018709
"",,,,16S rRNA,
"",,,,23S rRNA,
2012-11-06,UnknownXXX,United Kingdom,-3.2765753,16S rRNA,54.7023545
2008-08-06,Maela,Thailand,,16S rRNA,
"",,,,23S rRNA,
"",,,,23S rRNA,
"",,,,23S rRNA,
28-Jan-2009,UnknownXXX,Tanzania,35.7878438,23S rRNA,-6.5247123
